timestamp_iso,crisis_pressure,crisis_band,escalation_forecast,forecast_band,methodology_version
2026-09-24T16:44:05.032Z,89,extreme,58,elevated,0.7.2
2026-09-24T16:49:08.875Z,89,extreme,58,elevated,0.7.2
2026-09-24T16:54:05.755Z,89,extreme,58,elevated,0.7.2
2026-09-24T16:59:09.664Z,89,extreme,58,elevated,0.7.2
2026-09-24T17:04:07.487Z,89,extreme,58,elevated,0.7.2
2026-09-24T17:09:10.582Z,89,extreme,58,elevated,0.7.2
2026-09-24T17:14:20.519Z,89,extreme,58,elevated,0.7.2
2026-09-24T17:19:03.982Z,89,extreme,58,elevated,0.7.2
2026-09-24T17:24:15.783Z,89,extreme,58,elevated,0.7.2
2026-09-24T17:29:20.386Z,89,extreme,58,elevated,0.7.2
2026-09-24T17:34:04.740Z,89,extreme,58,elevated,0.7.2
2026-09-24T17:39:09.562Z,89,extreme,58,elevated,0.7.2
2026-09-24T17:44:07.819Z,89,extreme,58,elevated,0.7.2
2026-09-24T17:49:13.591Z,89,extreme,58,elevated,0.7.2
2026-09-24T17:54:20.405Z,89,extreme,58,elevated,0.7.2
2026-09-24T17:59:07.315Z,89,extreme,58,elevated,0.7.2
2026-09-24T18:04:19.521Z,89,extreme,58,elevated,0.7.2
2026-09-24T18:09:05.948Z,89,extreme,58,elevated,0.7.2
2026-09-24T18:14:22.006Z,89,extreme,58,elevated,0.7.2
2026-09-24T18:19:09.945Z,89,extreme,58,elevated,0.7.2
2026-09-24T18:24:09.293Z,89,extreme,58,elevated,0.7.2
2026-09-24T18:29:09.503Z,89,extreme,58,elevated,0.7.2
2026-09-24T18:34:17.165Z,89,extreme,58,elevated,0.7.2
2026-09-24T18:39:15.430Z,89,extreme,58,elevated,0.7.2
2026-09-24T18:44:06.493Z,89,extreme,58,elevated,0.7.2
2026-09-24T18:49:10.497Z,89,extreme,58,elevated,0.7.2
2026-09-24T18:54:19.107Z,89,extreme,58,elevated,0.7.2
2026-09-24T18:59:10.457Z,89,extreme,58,elevated,0.7.2
2026-09-24T19:04:09.616Z,89,extreme,58,elevated,0.7.2
2026-09-24T19:09:04.357Z,89,extreme,58,elevated,0.7.2
2026-09-24T19:14:08.725Z,89,extreme,58,elevated,0.7.2
2026-09-24T19:19:11.722Z,89,extreme,58,elevated,0.7.2
2026-09-24T19:24:05.707Z,89,extreme,58,elevated,0.7.2
2026-09-24T19:29:18.275Z,89,extreme,58,elevated,0.7.2
2026-09-24T19:34:18.757Z,89,extreme,58,elevated,0.7.2
2026-09-24T19:39:13.597Z,89,extreme,58,elevated,0.7.2
2026-09-24T19:44:10.608Z,89,extreme,58,elevated,0.7.2
2026-09-24T19:49:12.502Z,89,extreme,58,elevated,0.7.2
2026-09-24T19:54:07.181Z,89,extreme,58,elevated,0.7.2
2026-09-24T19:59:05.220Z,89,extreme,58,elevated,0.7.2
2026-09-24T20:04:18.924Z,89,extreme,58,elevated,0.7.2
2026-09-24T20:09:04.542Z,89,extreme,58,elevated,0.7.2
2026-09-24T20:14:06.355Z,89,extreme,58,elevated,0.7.2
2026-09-24T20:19:16.333Z,89,extreme,58,elevated,0.7.2
2026-09-24T20:24:08.989Z,89,extreme,58,elevated,0.7.2
2026-09-24T20:29:05.436Z,89,extreme,58,elevated,0.7.2
2026-09-24T20:34:06.938Z,89,extreme,58,elevated,0.7.2
2026-09-24T20:39:05.289Z,89,extreme,58,elevated,0.7.2
2026-09-24T20:44:12.338Z,89,extreme,58,elevated,0.7.2
2026-09-24T20:49:05.330Z,89,extreme,58,elevated,0.7.2
2026-09-24T20:54:09.146Z,89,extreme,58,elevated,0.7.2
2026-09-24T20:59:10.931Z,89,extreme,58,elevated,0.7.2
2026-09-24T21:04:08.693Z,89,extreme,58,elevated,0.7.2
2026-09-24T21:09:10.610Z,89,extreme,58,elevated,0.7.2
2026-09-24T21:14:10.982Z,89,extreme,58,elevated,0.7.2
2026-09-24T21:19:15.243Z,89,extreme,58,elevated,0.7.2
2026-09-24T21:24:03.807Z,89,extreme,58,elevated,0.7.2
2026-09-24T21:29:06.532Z,89,extreme,58,elevated,0.7.2
2026-09-24T21:34:10.718Z,89,extreme,58,elevated,0.7.2
2026-09-24T21:39:05.227Z,89,extreme,58,elevated,0.7.2
2026-09-24T21:44:14.529Z,89,extreme,58,elevated,0.7.2
2026-09-24T21:49:06.492Z,89,extreme,58,elevated,0.7.2
2026-09-24T21:54:05.312Z,89,extreme,58,elevated,0.7.2
2026-09-24T21:59:04.211Z,89,extreme,58,elevated,0.7.2
2026-09-24T22:04:08.935Z,89,extreme,58,elevated,0.7.2
2026-09-24T22:09:15.397Z,89,extreme,58,elevated,0.7.2
2026-09-24T22:14:10.885Z,89,extreme,58,elevated,0.7.2
2026-09-24T22:19:06.707Z,89,extreme,58,elevated,0.7.2
2026-09-24T22:24:06.400Z,89,extreme,58,elevated,0.7.2
2026-09-24T22:29:12.832Z,89,extreme,58,elevated,0.7.2
2026-09-24T22:34:04.709Z,89,extreme,58,elevated,0.7.2
2026-09-24T22:39:13.320Z,89,extreme,58,elevated,0.7.2
2026-09-24T22:44:07.701Z,89,extreme,58,elevated,0.7.2
2026-09-24T22:49:09.062Z,89,extreme,58,elevated,0.7.2
2026-09-24T22:54:05.927Z,89,extreme,58,elevated,0.7.2
2026-09-24T22:59:06.952Z,89,extreme,58,elevated,0.7.2
2026-09-24T23:04:04.393Z,89,extreme,58,elevated,0.7.2
2026-09-24T23:09:15.382Z,89,extreme,58,elevated,0.7.2
2026-09-24T23:14:06.399Z,89,extreme,58,elevated,0.7.2
2026-09-24T23:19:06.530Z,89,extreme,58,elevated,0.7.2
2026-09-24T23:24:05.345Z,89,extreme,58,elevated,0.7.2
2026-09-24T23:29:06.122Z,89,extreme,58,elevated,0.7.2
2026-09-24T23:34:07.854Z,89,extreme,58,elevated,0.7.2
2026-09-24T23:39:05.287Z,89,extreme,58,elevated,0.7.2
2026-09-24T23:44:06.758Z,89,extreme,58,elevated,0.7.2
2026-09-24T23:49:17.210Z,89,extreme,58,elevated,0.7.2
2026-09-24T23:54:11.583Z,89,extreme,58,elevated,0.7.2
2026-09-24T23:59:11.861Z,89,extreme,58,elevated,0.7.2
2026-09-25T00:04:07.714Z,89,extreme,58,elevated,0.7.2
2026-09-25T00:09:06.297Z,89,extreme,58,elevated,0.7.2
2026-09-25T00:14:09.035Z,89,extreme,58,elevated,0.7.2
2026-09-25T00:19:08.385Z,89,extreme,58,elevated,0.7.2
2026-09-25T00:24:18.080Z,89,extreme,58,elevated,0.7.2
2026-09-25T00:29:04.391Z,89,extreme,58,elevated,0.7.2
2026-09-25T00:34:07.132Z,89,extreme,58,elevated,0.7.2
2026-09-25T00:39:07.781Z,89,extreme,58,elevated,0.7.2
2026-09-25T00:44:10.596Z,89,extreme,58,elevated,0.7.2
2026-09-25T00:49:10.350Z,89,extreme,58,elevated,0.7.2
2026-09-25T00:54:09.914Z,89,extreme,58,elevated,0.7.2
2026-09-25T00:59:09.664Z,89,extreme,58,elevated,0.7.2
2026-09-25T01:04:08.750Z,89,extreme,58,elevated,0.7.2
2026-09-25T01:09:10.110Z,89,extreme,58,elevated,0.7.2
2026-09-25T01:14:08.359Z,89,extreme,58,elevated,0.7.2
2026-09-25T01:19:10.005Z,89,extreme,58,elevated,0.7.2
2026-09-25T01:24:10.309Z,89,extreme,58,elevated,0.7.2
2026-09-25T01:29:10.048Z,89,extreme,58,elevated,0.7.2
2026-09-25T01:34:15.472Z,89,extreme,58,elevated,0.7.2
2026-09-25T01:39:06.076Z,89,extreme,58,elevated,0.7.2
2026-09-25T01:44:05.333Z,89,extreme,58,elevated,0.7.2
2026-09-25T01:49:11.510Z,89,extreme,58,elevated,0.7.2
2026-09-25T01:54:08.899Z,89,extreme,58,elevated,0.7.2
2026-09-25T01:59:05.966Z,89,extreme,58,elevated,0.7.2
2026-09-25T02:04:06.944Z,89,extreme,58,elevated,0.7.2
2026-09-25T02:09:05.240Z,89,extreme,58,elevated,0.7.2
2026-09-25T02:14:11.775Z,89,extreme,58,elevated,0.7.2
2026-09-25T02:19:15.370Z,89,extreme,58,elevated,0.7.2
2026-09-25T02:24:18.095Z,89,extreme,58,elevated,0.7.2
2026-09-25T02:29:13.740Z,89,extreme,58,elevated,0.7.2
2026-09-25T02:34:06.275Z,89,extreme,58,elevated,0.7.2
2026-09-25T02:39:11.638Z,89,extreme,58,elevated,0.7.2
2026-09-25T02:44:12.419Z,89,extreme,58,elevated,0.7.2
2026-09-25T02:49:05.493Z,89,extreme,58,elevated,0.7.2
2026-09-25T02:54:12.250Z,89,extreme,58,elevated,0.7.2
2026-09-25T02:59:09.705Z,89,extreme,58,elevated,0.7.2
2026-09-25T03:04:04.958Z,89,extreme,58,elevated,0.7.2
2026-09-25T03:09:08.176Z,89,extreme,58,elevated,0.7.2
2026-09-25T03:14:07.813Z,89,extreme,58,elevated,0.7.2
2026-09-25T03:19:03.543Z,89,extreme,58,elevated,0.7.2
2026-09-25T03:24:04.105Z,89,extreme,58,elevated,0.7.2
2026-09-25T03:29:10.066Z,89,extreme,58,elevated,0.7.2
2026-09-25T03:34:07.037Z,89,extreme,58,elevated,0.7.2
2026-09-25T03:39:04.478Z,89,extreme,58,elevated,0.7.2
2026-09-25T03:44:06.462Z,89,extreme,58,elevated,0.7.2
2026-09-25T03:49:14.152Z,89,extreme,58,elevated,0.7.2
2026-09-25T03:54:12.394Z,89,extreme,58,elevated,0.7.2
2026-09-25T03:59:11.793Z,89,extreme,58,elevated,0.7.2
2026-09-25T04:04:04.414Z,89,extreme,58,elevated,0.7.2
2026-09-25T04:09:13.438Z,89,extreme,58,elevated,0.7.2
2026-09-25T04:14:07.084Z,89,extreme,58,elevated,0.7.2
2026-09-25T04:19:07.506Z,89,extreme,58,elevated,0.7.2
2026-09-25T04:24:06.477Z,89,extreme,58,elevated,0.7.2
2026-09-25T04:29:15.494Z,89,extreme,58,elevated,0.7.2
2026-09-25T04:34:06.349Z,89,extreme,58,elevated,0.7.2
2026-09-25T04:39:05.503Z,89,extreme,58,elevated,0.7.2
2026-09-25T04:44:14.149Z,89,extreme,58,elevated,0.7.2
2026-09-25T04:49:07.441Z,89,extreme,58,elevated,0.7.2
2026-09-25T04:54:04.995Z,89,extreme,58,elevated,0.7.2
2026-09-25T04:59:04.641Z,89,extreme,58,elevated,0.7.2
2026-09-25T05:04:07.570Z,89,extreme,58,elevated,0.7.2
2026-09-25T05:09:10.259Z,89,extreme,58,elevated,0.7.2
2026-09-25T05:14:05.626Z,89,extreme,58,elevated,0.7.2
2026-09-25T05:19:04.544Z,89,extreme,58,elevated,0.7.2
2026-09-25T05:24:09.911Z,89,extreme,58,elevated,0.7.2
2026-09-25T05:29:03.258Z,89,extreme,58,elevated,0.7.2
2026-09-25T05:34:04.808Z,89,extreme,58,elevated,0.7.2
2026-09-25T05:39:05.437Z,89,extreme,58,elevated,0.7.2
2026-09-25T05:44:06.839Z,89,extreme,58,elevated,0.7.2
2026-09-25T05:49:08.923Z,89,extreme,58,elevated,0.7.2
2026-09-25T05:54:04.673Z,89,extreme,58,elevated,0.7.2
2026-09-25T05:59:04.357Z,89,extreme,58,elevated,0.7.2
2026-09-25T06:04:14.986Z,89,extreme,58,elevated,0.7.2
2026-09-25T06:09:16.416Z,89,extreme,58,elevated,0.7.2
2026-09-25T06:14:05.552Z,89,extreme,58,elevated,0.7.2
2026-09-25T06:19:09.818Z,89,extreme,58,elevated,0.7.2
2026-09-25T06:24:14.376Z,89,extreme,58,elevated,0.7.2
2026-09-25T06:29:11.213Z,89,extreme,58,elevated,0.7.2
2026-09-25T06:34:09.736Z,89,extreme,58,elevated,0.7.2
2026-09-25T06:39:04.950Z,89,extreme,58,elevated,0.7.2
2026-09-25T06:44:10.640Z,89,extreme,58,elevated,0.7.2
2026-09-25T06:49:07.334Z,89,extreme,58,elevated,0.7.2
2026-09-25T06:54:07.621Z,89,extreme,58,elevated,0.7.2
2026-09-25T06:59:04.751Z,89,extreme,58,elevated,0.7.2
2026-09-25T07:04:05.208Z,89,extreme,58,elevated,0.7.2
2026-09-25T07:09:10.410Z,89,extreme,58,elevated,0.7.2
2026-09-25T07:14:10.463Z,89,extreme,58,elevated,0.7.2
2026-09-25T07:19:10.495Z,89,extreme,58,elevated,0.7.2
2026-09-25T07:24:06.476Z,89,extreme,58,elevated,0.7.2
2026-09-25T07:29:13.002Z,89,extreme,58,elevated,0.7.2
2026-09-25T07:34:11.634Z,89,extreme,58,elevated,0.7.2
2026-09-25T07:39:10.998Z,89,extreme,58,elevated,0.7.2
2026-09-25T07:44:03.972Z,89,extreme,58,elevated,0.7.2
2026-09-25T07:49:06.073Z,89,extreme,58,elevated,0.7.2
2026-09-25T07:54:05.680Z,89,extreme,58,elevated,0.7.2
2026-09-25T07:59:14.126Z,89,extreme,58,elevated,0.7.2
2026-09-25T08:04:05.883Z,89,extreme,58,elevated,0.7.2
2026-09-25T08:09:09.643Z,89,extreme,58,elevated,0.7.2
2026-09-25T08:14:05.286Z,89,extreme,58,elevated,0.7.2
2026-09-25T08:19:04.564Z,89,extreme,58,elevated,0.7.2
2026-09-25T08:24:05.564Z,89,extreme,58,elevated,0.7.2
2026-09-25T08:29:07.635Z,89,extreme,58,elevated,0.7.2
2026-09-25T08:34:06.242Z,89,extreme,58,elevated,0.7.2
2026-09-25T08:39:07.282Z,89,extreme,58,elevated,0.7.2
2026-09-25T08:44:05.811Z,89,extreme,58,elevated,0.7.2
2026-09-25T08:49:14.453Z,89,extreme,58,elevated,0.7.2
2026-09-25T08:54:15.177Z,89,extreme,58,elevated,0.7.2
2026-09-25T08:59:06.222Z,89,extreme,58,elevated,0.7.2
2026-09-25T09:04:15.019Z,89,extreme,58,elevated,0.7.2
2026-09-25T09:09:13.613Z,89,extreme,58,elevated,0.7.2
2026-09-25T09:14:06.840Z,89,extreme,58,elevated,0.7.2
2026-09-25T09:19:10.433Z,89,extreme,58,elevated,0.7.2
2026-09-25T09:24:15.237Z,89,extreme,58,elevated,0.7.2
2026-09-25T09:29:12.256Z,89,extreme,58,elevated,0.7.2
2026-09-25T09:34:10.154Z,89,extreme,58,elevated,0.7.2
2026-09-25T09:39:06.277Z,89,extreme,58,elevated,0.7.2
2026-09-25T09:44:10.212Z,89,extreme,58,elevated,0.7.2
2026-09-25T09:49:12.851Z,89,extreme,58,elevated,0.7.2
2026-09-25T09:54:08.641Z,89,extreme,58,elevated,0.7.2
2026-09-25T09:59:19.177Z,89,extreme,58,elevated,0.7.2
2026-09-25T10:04:07.122Z,89,extreme,58,elevated,0.7.2
2026-09-25T10:09:07.299Z,89,extreme,58,elevated,0.7.2
2026-09-25T10:14:15.569Z,89,extreme,58,elevated,0.7.2
2026-09-25T10:19:03.346Z,89,extreme,58,elevated,0.7.2
2026-09-25T10:24:03.428Z,89,extreme,58,elevated,0.7.2
2026-09-25T10:29:03.832Z,89,extreme,58,elevated,0.7.2
2026-09-25T10:34:03.187Z,89,extreme,58,elevated,0.7.2
2026-09-25T10:39:04.034Z,89,extreme,58,elevated,0.7.2
2026-09-25T10:44:03.415Z,89,extreme,58,elevated,0.7.2
2026-09-25T10:49:03.602Z,89,extreme,58,elevated,0.7.2
2026-09-25T10:54:04.114Z,89,extreme,58,elevated,0.7.2
2026-09-25T10:59:03.306Z,89,extreme,58,elevated,0.7.2
2026-09-25T11:04:03.854Z,89,extreme,58,elevated,0.7.2
2026-09-25T11:09:03.823Z,89,extreme,58,elevated,0.7.2
2026-09-25T11:14:03.885Z,89,extreme,58,elevated,0.7.2
2026-09-25T11:19:03.267Z,89,extreme,58,elevated,0.7.2
2026-09-25T11:24:03.795Z,89,extreme,58,elevated,0.7.2
2026-09-25T11:29:03.731Z,89,extreme,58,elevated,0.7.2
2026-09-25T11:34:03.314Z,89,extreme,58,elevated,0.7.2
2026-09-25T11:39:03.670Z,89,extreme,58,elevated,0.7.2
2026-09-25T11:44:03.325Z,89,extreme,58,elevated,0.7.2
2026-09-25T11:49:03.813Z,89,extreme,58,elevated,0.7.2
2026-09-25T11:54:03.723Z,89,extreme,58,elevated,0.7.2
2026-09-25T11:59:03.255Z,89,extreme,58,elevated,0.7.2
2026-09-25T12:04:03.816Z,89,extreme,58,elevated,0.7.2
2026-09-25T12:09:03.915Z,89,extreme,58,elevated,0.7.2
2026-09-25T12:14:03.186Z,89,extreme,58,elevated,0.7.2
2026-09-25T12:19:04.059Z,89,extreme,57,elevated,0.7.2
2026-09-25T12:24:03.931Z,89,extreme,57,elevated,0.7.2
2026-09-25T12:29:03.962Z,89,extreme,57,elevated,0.7.2
2026-09-25T12:34:04.260Z,89,extreme,57,elevated,0.7.2
2026-09-25T12:39:03.300Z,89,extreme,57,elevated,0.7.2
2026-09-25T12:44:03.488Z,89,extreme,57,elevated,0.7.2
2026-09-25T12:49:03.625Z,89,extreme,57,elevated,0.7.2
2026-09-25T12:54:04.747Z,89,extreme,57,elevated,0.7.2
2026-09-25T12:59:03.694Z,89,extreme,57,elevated,0.7.2
2026-09-25T13:04:03.576Z,89,extreme,57,elevated,0.7.2
2026-09-25T13:09:03.611Z,89,extreme,57,elevated,0.7.2
2026-09-25T13:14:03.921Z,89,extreme,57,elevated,0.7.2
2026-09-25T13:19:03.294Z,89,extreme,57,elevated,0.7.2
2026-09-25T13:24:03.670Z,89,extreme,57,elevated,0.7.2
2026-09-25T13:29:04.112Z,89,extreme,57,elevated,0.7.2
2026-09-25T13:34:03.350Z,89,extreme,57,elevated,0.7.2
2026-09-25T13:39:03.983Z,89,extreme,57,elevated,0.7.2
2026-09-25T13:44:03.891Z,89,extreme,57,elevated,0.7.2
2026-09-25T13:49:03.905Z,89,extreme,57,elevated,0.7.2
2026-09-25T13:54:03.794Z,89,extreme,57,elevated,0.7.2
2026-09-25T13:59:03.195Z,89,extreme,57,elevated,0.7.2
2026-09-25T14:04:03.491Z,89,extreme,57,elevated,0.7.2
2026-09-25T14:09:04.168Z,89,extreme,57,elevated,0.7.2
2026-09-25T14:14:03.400Z,89,extreme,57,elevated,0.7.2
2026-09-25T14:19:04.507Z,89,extreme,57,elevated,0.7.2
2026-09-25T14:24:03.271Z,89,extreme,57,elevated,0.7.2
2026-09-25T14:29:03.422Z,89,extreme,57,elevated,0.7.2
2026-09-25T14:34:03.652Z,89,extreme,57,elevated,0.7.2
2026-09-25T14:39:03.443Z,89,extreme,57,elevated,0.7.2
2026-09-25T14:44:04.068Z,89,extreme,57,elevated,0.7.2
2026-09-25T14:49:04.380Z,89,extreme,57,elevated,0.7.2
2026-09-25T14:54:03.506Z,89,extreme,57,elevated,0.7.2
2026-09-25T14:59:03.926Z,89,extreme,57,elevated,0.7.2
2026-09-25T15:04:05.610Z,89,extreme,57,elevated,0.7.2
2026-09-25T15:09:17.152Z,89,extreme,57,elevated,0.7.2
2026-09-25T15:14:05.585Z,89,extreme,57,elevated,0.7.2
2026-09-25T15:19:05.749Z,89,extreme,57,elevated,0.7.2
2026-09-25T15:24:17.037Z,89,extreme,57,elevated,0.7.2
2026-09-25T15:29:06.625Z,89,extreme,57,elevated,0.7.2
2026-09-25T15:34:14.385Z,89,extreme,57,elevated,0.7.2
2026-09-25T15:39:08.880Z,89,extreme,57,elevated,0.7.2
2026-09-25T15:44:03.789Z,89,extreme,57,elevated,0.7.2
2026-09-25T15:49:03.409Z,89,extreme,57,elevated,0.7.2
2026-09-25T15:54:04.993Z,89,extreme,57,elevated,0.7.2
2026-09-25T15:59:03.170Z,89,extreme,57,elevated,0.7.2
2026-09-25T16:04:06.705Z,89,extreme,57,elevated,0.7.2
2026-09-25T16:09:05.261Z,89,extreme,57,elevated,0.7.2
2026-09-25T16:14:22.408Z,89,extreme,57,elevated,0.7.2
2026-09-25T16:19:08.289Z,89,extreme,57,elevated,0.7.2
2026-09-25T16:24:07.026Z,89,extreme,57,elevated,0.7.2
2026-09-25T16:29:15.251Z,89,extreme,57,elevated,0.7.2
2026-09-25T16:34:11.150Z,89,extreme,57,elevated,0.7.2
2026-09-25T16:39:08.128Z,89,extreme,57,elevated,0.7.2
2026-09-25T16:44:08.840Z,89,extreme,57,elevated,0.7.2
2026-09-25T16:49:17.229Z,89,extreme,57,elevated,0.7.2
2026-09-25T16:54:11.128Z,89,extreme,57,elevated,0.7.2
2026-09-25T16:59:17.535Z,89,extreme,57,elevated,0.7.2
2026-09-25T17:04:16.777Z,89,extreme,57,elevated,0.7.2
2026-09-25T17:09:04.601Z,89,extreme,57,elevated,0.7.2
2026-09-25T17:14:11.097Z,89,extreme,57,elevated,0.7.2
2026-09-25T17:19:14.269Z,89,extreme,57,elevated,0.7.2
2026-09-25T17:24:15.775Z,89,extreme,57,elevated,0.7.2
2026-09-25T17:29:10.939Z,89,extreme,57,elevated,0.7.2
2026-09-25T17:34:09.078Z,89,extreme,57,elevated,0.7.2
2026-09-25T17:39:06.483Z,89,extreme,57,elevated,0.7.2
2026-09-25T17:44:06.920Z,89,extreme,57,elevated,0.7.2
2026-09-25T17:49:10.045Z,89,extreme,57,elevated,0.7.2
2026-09-25T17:54:15.790Z,89,extreme,57,elevated,0.7.2
2026-09-25T17:59:13.570Z,89,extreme,57,elevated,0.7.2
2026-09-25T18:04:10.868Z,89,extreme,57,elevated,0.7.2
2026-09-25T18:09:05.487Z,89,extreme,57,elevated,0.7.2
2026-09-25T18:14:06.316Z,89,extreme,57,elevated,0.7.2
2026-09-25T18:19:18.083Z,89,extreme,57,elevated,0.7.2
2026-09-25T18:24:07.485Z,89,extreme,57,elevated,0.7.2
2026-09-25T18:29:07.524Z,89,extreme,57,elevated,0.7.2
2026-09-25T18:34:18.213Z,89,extreme,57,elevated,0.7.2
2026-09-25T18:39:11.178Z,89,extreme,57,elevated,0.7.2
2026-09-25T18:44:11.878Z,89,extreme,57,elevated,0.7.2
2026-09-25T18:49:06.436Z,89,extreme,57,elevated,0.7.2
2026-09-25T18:54:04.536Z,89,extreme,57,elevated,0.7.2
2026-09-25T18:59:04.545Z,89,extreme,57,elevated,0.7.2
2026-09-25T19:04:05.118Z,89,extreme,57,elevated,0.7.2
2026-09-25T19:09:11.820Z,89,extreme,57,elevated,0.7.2
2026-09-25T19:14:07.877Z,89,extreme,57,elevated,0.7.2
2026-09-25T19:19:11.936Z,89,extreme,57,elevated,0.7.2
2026-09-25T19:24:10.803Z,89,extreme,57,elevated,0.7.2
2026-09-25T19:29:05.844Z,89,extreme,57,elevated,0.7.2
2026-09-25T19:34:09.170Z,89,extreme,57,elevated,0.7.2
2026-09-25T19:39:16.043Z,89,extreme,57,elevated,0.7.2
2026-09-25T19:44:18.001Z,89,extreme,57,elevated,0.7.2
2026-09-25T19:49:05.439Z,89,extreme,57,elevated,0.7.2
2026-09-25T19:54:05.266Z,89,extreme,57,elevated,0.7.2
2026-09-25T19:59:10.446Z,89,extreme,57,elevated,0.7.2
2026-09-25T20:04:21.329Z,89,extreme,57,elevated,0.7.2
2026-09-25T20:09:13.092Z,89,extreme,57,elevated,0.7.2
2026-09-25T20:14:12.654Z,89,extreme,57,elevated,0.7.2
2026-09-25T20:19:07.741Z,89,extreme,57,elevated,0.7.2
2026-09-25T20:24:12.444Z,89,extreme,57,elevated,0.7.2
2026-09-25T20:29:08.078Z,89,extreme,57,elevated,0.7.2
2026-09-25T20:34:04.326Z,89,extreme,57,elevated,0.7.2
2026-09-25T20:39:18.925Z,89,extreme,57,elevated,0.7.2
2026-09-25T20:44:13.820Z,89,extreme,57,elevated,0.7.2
2026-09-25T20:49:16.050Z,89,extreme,57,elevated,0.7.2
2026-09-25T20:54:03.996Z,89,extreme,57,elevated,0.7.2
2026-09-25T20:59:04.957Z,89,extreme,57,elevated,0.7.2
2026-09-25T21:04:05.672Z,89,extreme,57,elevated,0.7.2
2026-09-25T21:09:17.468Z,89,extreme,57,elevated,0.7.2
2026-09-25T21:14:09.198Z,89,extreme,57,elevated,0.7.2
2026-09-25T21:19:15.743Z,89,extreme,57,elevated,0.7.2
2026-09-25T21:24:13.267Z,89,extreme,57,elevated,0.7.2
2026-09-25T21:29:11.721Z,89,extreme,57,elevated,0.7.2
2026-09-25T21:34:10.982Z,89,extreme,57,elevated,0.7.2
2026-09-25T21:39:14.833Z,89,extreme,57,elevated,0.7.2
2026-09-25T21:44:10.133Z,89,extreme,57,elevated,0.7.2
2026-09-25T21:49:05.633Z,89,extreme,57,elevated,0.7.2
2026-09-25T21:54:17.053Z,89,extreme,57,elevated,0.7.2
2026-09-25T21:59:12.335Z,89,extreme,57,elevated,0.7.2
2026-09-25T22:04:07.643Z,89,extreme,57,elevated,0.7.2
2026-09-25T22:09:05.586Z,89,extreme,57,elevated,0.7.2
2026-09-25T22:14:04.058Z,89,extreme,57,elevated,0.7.2
2026-09-25T22:19:04.906Z,89,extreme,57,elevated,0.7.2
2026-09-25T22:24:13.054Z,89,extreme,57,elevated,0.7.2
2026-09-25T22:29:06.478Z,89,extreme,57,elevated,0.7.2
2026-09-25T22:34:12.116Z,89,extreme,57,elevated,0.7.2
2026-09-25T22:39:11.130Z,89,extreme,57,elevated,0.7.2
2026-09-25T22:44:14.857Z,89,extreme,57,elevated,0.7.2
2026-09-25T22:49:14.433Z,89,extreme,57,elevated,0.7.2
2026-09-25T22:54:14.163Z,89,extreme,57,elevated,0.7.2
2026-09-25T22:59:04.993Z,89,extreme,57,elevated,0.7.2
2026-09-25T23:04:16.748Z,89,extreme,57,elevated,0.7.2
2026-09-25T23:09:18.366Z,89,extreme,57,elevated,0.7.2
2026-09-25T23:14:12.734Z,89,extreme,57,elevated,0.7.2
2026-09-25T23:19:06.620Z,89,extreme,57,elevated,0.7.2
2026-09-25T23:24:05.050Z,89,extreme,57,elevated,0.7.2
2026-09-25T23:29:15.009Z,89,extreme,57,elevated,0.7.2
2026-09-25T23:34:15.301Z,89,extreme,57,elevated,0.7.2
2026-09-25T23:39:05.439Z,89,extreme,57,elevated,0.7.2
2026-09-25T23:44:19.094Z,89,extreme,57,elevated,0.7.2
2026-09-25T23:49:04.818Z,89,extreme,57,elevated,0.7.2
2026-09-25T23:54:05.064Z,89,extreme,57,elevated,0.7.2
2026-09-25T23:59:03.870Z,89,extreme,57,elevated,0.7.2
2026-09-26T00:04:08.868Z,89,extreme,57,elevated,0.7.2
2026-09-26T00:09:17.958Z,89,extreme,57,elevated,0.7.2
2026-09-26T00:14:13.012Z,89,extreme,57,elevated,0.7.2
2026-09-26T00:19:15.589Z,89,extreme,57,elevated,0.7.2
2026-09-26T00:24:05.593Z,89,extreme,57,elevated,0.7.2
2026-09-26T00:29:05.996Z,89,extreme,57,elevated,0.7.2
2026-09-26T00:34:10.514Z,89,extreme,57,elevated,0.7.2
2026-09-26T00:39:11.554Z,89,extreme,57,elevated,0.7.2
2026-09-26T00:44:10.895Z,89,extreme,57,elevated,0.7.2
2026-09-26T00:49:06.542Z,89,extreme,58,elevated,0.7.2
2026-09-26T00:54:04.814Z,89,extreme,58,elevated,0.7.2
2026-09-26T00:59:04.563Z,89,extreme,58,elevated,0.7.2
2026-09-26T01:04:09.312Z,89,extreme,58,elevated,0.7.2
2026-09-26T01:09:07.822Z,89,extreme,58,elevated,0.7.2
2026-09-26T01:14:10.093Z,89,extreme,58,elevated,0.7.2
2026-09-26T01:19:06.157Z,89,extreme,58,elevated,0.7.2
2026-09-26T01:24:05.238Z,89,extreme,58,elevated,0.7.2
2026-09-26T01:29:06.495Z,89,extreme,58,elevated,0.7.2
2026-09-26T01:34:05.294Z,89,extreme,58,elevated,0.7.2
2026-09-26T01:39:17.108Z,89,extreme,58,elevated,0.7.2
2026-09-26T01:44:12.530Z,89,extreme,58,elevated,0.7.2
2026-09-26T01:49:18.444Z,89,extreme,58,elevated,0.7.2
2026-09-26T01:54:07.462Z,89,extreme,58,elevated,0.7.2
2026-09-26T01:59:04.494Z,89,extreme,58,elevated,0.7.2
2026-09-26T02:04:07.773Z,89,extreme,58,elevated,0.7.2
2026-09-26T02:09:13.433Z,89,extreme,58,elevated,0.7.2
2026-09-26T02:14:06.425Z,89,extreme,58,elevated,0.7.2
2026-09-26T02:19:13.642Z,89,extreme,58,elevated,0.7.2
2026-09-26T02:24:12.515Z,89,extreme,58,elevated,0.7.2
2026-09-26T02:29:09.132Z,89,extreme,58,elevated,0.7.2
2026-09-26T02:34:13.712Z,89,extreme,58,elevated,0.7.2
2026-09-26T02:39:08.173Z,89,extreme,58,elevated,0.7.2
2026-09-26T02:44:05.541Z,89,extreme,58,elevated,0.7.2
2026-09-26T02:49:09.526Z,89,extreme,58,elevated,0.7.2
2026-09-26T02:54:06.939Z,89,extreme,58,elevated,0.7.2
2026-09-26T02:59:09.134Z,89,extreme,58,elevated,0.7.2
2026-09-26T03:04:10.048Z,89,extreme,58,elevated,0.7.2
2026-09-26T03:09:04.235Z,89,extreme,58,elevated,0.7.2
2026-09-26T03:14:12.223Z,89,extreme,58,elevated,0.7.2
2026-09-26T03:19:09.268Z,89,extreme,58,elevated,0.7.2
2026-09-26T03:24:18.811Z,89,extreme,58,elevated,0.7.2
2026-09-26T03:29:09.906Z,89,extreme,58,elevated,0.7.2
2026-09-26T03:34:14.495Z,89,extreme,58,elevated,0.7.2
2026-09-26T03:39:03.261Z,89,extreme,58,elevated,0.7.2
2026-09-26T03:44:03.161Z,89,extreme,58,elevated,0.7.2
2026-09-26T03:49:03.949Z,89,extreme,58,elevated,0.7.2
2026-09-26T03:54:03.924Z,89,extreme,58,elevated,0.7.2
2026-09-26T03:59:04.156Z,89,extreme,58,elevated,0.7.2
2026-09-26T04:04:04.430Z,89,extreme,58,elevated,0.7.2
2026-09-26T04:09:03.122Z,89,extreme,58,elevated,0.7.2
2026-09-26T04:14:03.326Z,89,extreme,58,elevated,0.7.2
2026-09-26T04:19:03.954Z,89,extreme,58,elevated,0.7.2
2026-09-26T04:24:03.320Z,89,extreme,58,elevated,0.7.2
2026-09-26T04:29:03.222Z,89,extreme,58,elevated,0.7.2
2026-09-26T04:34:03.800Z,89,extreme,58,elevated,0.7.2
2026-09-26T04:39:03.349Z,89,extreme,58,elevated,0.7.2
2026-09-26T04:44:03.357Z,89,extreme,58,elevated,0.7.2
2026-09-26T04:49:04.315Z,89,extreme,58,elevated,0.7.2
2026-09-26T04:54:03.877Z,89,extreme,58,elevated,0.7.2
2026-09-26T04:59:03.307Z,89,extreme,58,elevated,0.7.2
2026-09-26T05:04:03.730Z,89,extreme,58,elevated,0.7.2
2026-09-26T05:09:03.244Z,89,extreme,58,elevated,0.7.2
2026-09-26T05:14:03.502Z,89,extreme,58,elevated,0.7.2
2026-09-26T05:19:03.673Z,89,extreme,58,elevated,0.7.2
2026-09-26T05:24:04.012Z,89,extreme,58,elevated,0.7.2
2026-09-26T05:29:03.855Z,89,extreme,58,elevated,0.7.2
2026-09-26T05:34:03.151Z,89,extreme,58,elevated,0.7.2
2026-09-26T05:39:03.797Z,89,extreme,58,elevated,0.7.2
2026-09-26T05:44:03.748Z,89,extreme,58,elevated,0.7.2
2026-09-26T05:49:03.786Z,89,extreme,58,elevated,0.7.2
2026-09-26T05:54:03.514Z,89,extreme,58,elevated,0.7.2
2026-09-26T05:59:03.890Z,89,extreme,58,elevated,0.7.2
2026-09-26T06:04:06.541Z,89,extreme,58,elevated,0.7.2
2026-09-26T06:09:09.583Z,89,extreme,58,elevated,0.7.2
2026-09-26T06:14:03.977Z,89,extreme,58,elevated,0.7.2
2026-09-26T06:19:07.583Z,89,extreme,58,elevated,0.7.2
2026-09-26T06:24:05.253Z,89,extreme,58,elevated,0.7.2
2026-09-26T06:29:08.821Z,89,extreme,58,elevated,0.7.2
2026-09-26T06:34:06.176Z,89,extreme,58,elevated,0.7.2
2026-09-26T06:39:10.523Z,89,extreme,58,elevated,0.7.2
2026-09-26T06:44:08.920Z,89,extreme,58,elevated,0.7.2
2026-09-26T06:49:11.909Z,89,extreme,58,elevated,0.7.2
2026-09-26T06:54:04.681Z,89,extreme,58,elevated,0.7.2
2026-09-26T06:59:07.168Z,89,extreme,58,elevated,0.7.2
2026-09-26T07:04:07.348Z,89,extreme,58,elevated,0.7.2
2026-09-26T07:09:06.004Z,89,extreme,58,elevated,0.7.2
2026-09-26T07:14:14.155Z,89,extreme,58,elevated,0.7.2
2026-09-26T07:19:07.316Z,89,extreme,58,elevated,0.7.2
2026-09-26T07:24:07.880Z,89,extreme,58,elevated,0.7.2
2026-09-26T07:29:17.669Z,89,extreme,58,elevated,0.7.2
2026-09-26T07:34:05.307Z,89,extreme,58,elevated,0.7.2
2026-09-26T07:39:04.719Z,89,extreme,58,elevated,0.7.2
2026-09-26T07:44:14.014Z,89,extreme,58,elevated,0.7.2
2026-09-26T07:49:14.895Z,89,extreme,58,elevated,0.7.2
2026-09-26T07:54:13.255Z,89,extreme,58,elevated,0.7.2
2026-09-26T07:59:05.896Z,89,extreme,58,elevated,0.7.2
2026-09-26T08:04:11.487Z,89,extreme,58,elevated,0.7.2
2026-09-26T08:09:04.345Z,89,extreme,58,elevated,0.7.2
2026-09-26T08:14:13.396Z,89,extreme,58,elevated,0.7.2
2026-09-26T08:19:03.930Z,89,extreme,58,elevated,0.7.2
2026-09-26T08:24:05.149Z,89,extreme,58,elevated,0.7.2
2026-09-26T08:29:06.305Z,89,extreme,58,elevated,0.7.2
2026-09-26T08:34:13.389Z,89,extreme,58,elevated,0.7.2
2026-09-26T08:39:03.688Z,89,extreme,58,elevated,0.7.2
2026-09-26T08:44:04.221Z,89,extreme,58,elevated,0.7.2
2026-09-26T08:49:04.114Z,89,extreme,58,elevated,0.7.2
2026-09-26T08:54:03.970Z,89,extreme,58,elevated,0.7.2
2026-09-26T08:59:03.491Z,89,extreme,58,elevated,0.7.2
2026-09-26T09:04:03.950Z,89,extreme,58,elevated,0.7.2
2026-09-26T09:09:03.778Z,89,extreme,58,elevated,0.7.2
2026-09-26T09:14:04.127Z,89,extreme,58,elevated,0.7.2
2026-09-26T09:19:03.359Z,89,extreme,58,elevated,0.7.2
2026-09-26T09:24:03.789Z,89,extreme,58,elevated,0.7.2
2026-09-26T09:29:03.932Z,89,extreme,58,elevated,0.7.2
2026-09-26T09:34:03.337Z,89,extreme,58,elevated,0.7.2
2026-09-26T09:39:03.826Z,89,extreme,58,elevated,0.7.2
2026-09-26T09:44:03.923Z,89,extreme,58,elevated,0.7.2
2026-09-26T09:49:03.896Z,89,extreme,58,elevated,0.7.2
2026-09-26T09:54:03.042Z,89,extreme,58,elevated,0.7.2
2026-09-26T09:59:04.189Z,89,extreme,58,elevated,0.7.2
2026-09-26T10:04:03.680Z,89,extreme,58,elevated,0.7.2
2026-09-26T10:09:03.225Z,89,extreme,58,elevated,0.7.2
2026-09-26T10:14:03.117Z,89,extreme,58,elevated,0.7.2
2026-09-26T10:19:03.188Z,89,extreme,58,elevated,0.7.2
2026-09-26T10:24:03.084Z,89,extreme,58,elevated,0.7.2
2026-09-26T10:29:03.299Z,89,extreme,58,elevated,0.7.2
2026-09-26T10:34:03.097Z,89,extreme,58,elevated,0.7.2
2026-09-26T10:39:03.820Z,89,extreme,58,elevated,0.7.2
2026-09-26T10:44:04.375Z,89,extreme,58,elevated,0.7.2
2026-09-26T10:49:04.048Z,89,extreme,58,elevated,0.7.2
2026-09-26T10:54:03.678Z,89,extreme,58,elevated,0.7.2
2026-09-26T10:59:03.904Z,89,extreme,58,elevated,0.7.2
2026-09-26T11:04:06.419Z,89,extreme,58,elevated,0.7.2
2026-09-26T11:09:04.440Z,89,extreme,58,elevated,0.7.2
2026-09-26T11:14:05.552Z,89,extreme,58,elevated,0.7.2
2026-09-26T11:19:08.282Z,89,extreme,58,elevated,0.7.2
2026-09-26T11:24:12.694Z,89,extreme,58,elevated,0.7.2
2026-09-26T11:29:14.140Z,89,extreme,58,elevated,0.7.2
2026-09-26T11:34:04.872Z,89,extreme,58,elevated,0.7.2
2026-09-26T11:39:13.812Z,89,extreme,58,elevated,0.7.2
2026-09-26T11:44:10.781Z,89,extreme,58,elevated,0.7.2
2026-09-26T11:49:09.451Z,89,extreme,58,elevated,0.7.2
2026-09-26T11:54:07.042Z,89,extreme,58,elevated,0.7.2
2026-09-26T11:59:15.146Z,89,extreme,58,elevated,0.7.2
2026-09-26T12:04:07.241Z,89,extreme,58,elevated,0.7.2
2026-09-26T12:09:11.690Z,89,extreme,58,elevated,0.7.2
2026-09-26T12:14:12.225Z,89,extreme,58,elevated,0.7.2
2026-09-26T12:19:11.757Z,89,extreme,58,elevated,0.7.2
2026-09-26T12:24:11.388Z,89,extreme,58,elevated,0.7.2
2026-09-26T12:29:04.303Z,89,extreme,58,elevated,0.7.2
2026-09-26T12:34:15.428Z,89,extreme,58,elevated,0.7.2
2026-09-26T12:39:04.218Z,89,extreme,58,elevated,0.7.2
2026-09-26T12:44:05.527Z,89,extreme,58,elevated,0.7.2
2026-09-26T12:49:08.192Z,89,extreme,58,elevated,0.7.2
2026-09-26T12:54:13.972Z,89,extreme,58,elevated,0.7.2
2026-09-26T12:59:13.930Z,89,extreme,58,elevated,0.7.2
2026-09-26T13:04:12.434Z,89,extreme,58,elevated,0.7.2
2026-09-26T13:09:13.894Z,89,extreme,58,elevated,0.7.2
2026-09-26T13:14:05.861Z,89,extreme,58,elevated,0.7.2
2026-09-26T13:19:11.053Z,89,extreme,58,elevated,0.7.2
2026-09-26T13:24:07.799Z,89,extreme,58,elevated,0.7.2
2026-09-26T13:29:09.174Z,89,extreme,58,elevated,0.7.2
2026-09-26T13:34:13.175Z,89,extreme,58,elevated,0.7.2
2026-09-26T13:39:03.797Z,89,extreme,58,elevated,0.7.2
2026-09-26T13:44:04.407Z,89,extreme,58,elevated,0.7.2
2026-09-26T13:49:06.698Z,89,extreme,58,elevated,0.7.2
2026-09-26T13:54:03.602Z,89,extreme,58,elevated,0.7.2
2026-09-26T13:59:07.011Z,89,extreme,58,elevated,0.7.2
2026-09-26T14:04:04.072Z,89,extreme,58,elevated,0.7.2
2026-09-26T14:09:04.469Z,89,extreme,58,elevated,0.7.2
2026-09-26T14:14:04.811Z,89,extreme,58,elevated,0.7.2
2026-09-26T14:19:06.097Z,89,extreme,58,elevated,0.7.2
2026-09-26T14:24:05.148Z,89,extreme,58,elevated,0.7.2
2026-09-26T14:29:06.225Z,89,extreme,58,elevated,0.7.2
2026-09-26T14:34:06.190Z,89,extreme,58,elevated,0.7.2
2026-09-26T14:39:08.828Z,88,extreme,58,elevated,0.7.3
2026-09-26T14:44:12.286Z,88,extreme,58,elevated,0.7.3
2026-09-26T14:49:11.583Z,88,extreme,58,elevated,0.7.3
2026-09-26T14:54:12.241Z,88,extreme,58,elevated,0.7.3
2026-09-26T14:59:09.372Z,88,extreme,58,elevated,0.7.3
2026-09-26T15:04:06.792Z,88,extreme,55,elevated,0.7.3
2026-09-26T15:09:12.002Z,88,extreme,55,elevated,0.7.3
2026-09-26T15:14:07.182Z,88,extreme,55,elevated,0.7.3
2026-09-26T15:19:13.930Z,88,extreme,55,elevated,0.7.3
2026-09-26T15:24:05.501Z,88,extreme,55,elevated,0.7.3
2026-09-26T15:29:07.956Z,88,extreme,55,elevated,0.7.3
2026-09-26T15:34:16.096Z,88,extreme,55,elevated,0.7.3
2026-09-26T15:39:10.867Z,88,extreme,55,elevated,0.7.3
2026-09-26T15:44:16.212Z,88,extreme,55,elevated,0.7.3
2026-09-26T15:49:11.807Z,88,extreme,55,elevated,0.7.3
2026-09-26T15:54:09.704Z,88,extreme,55,elevated,0.7.3
2026-09-26T15:59:05.910Z,88,extreme,55,elevated,0.7.3
2026-09-26T16:04:13.125Z,88,extreme,55,elevated,0.7.3
2026-09-26T16:09:06.427Z,88,extreme,55,elevated,0.7.3
2026-09-26T16:14:15.266Z,88,extreme,55,elevated,0.7.3
2026-09-26T16:19:04.410Z,88,extreme,55,elevated,0.7.3
2026-09-26T16:24:04.449Z,88,extreme,55,elevated,0.7.3
2026-09-26T16:29:10.787Z,88,extreme,55,elevated,0.7.3
2026-09-26T16:34:07.335Z,88,extreme,55,elevated,0.7.3
2026-09-26T16:39:19.381Z,88,extreme,55,elevated,0.7.3
2026-09-26T16:44:11.570Z,88,extreme,55,elevated,0.7.3
2026-09-26T16:49:14.506Z,88,extreme,55,elevated,0.7.3
2026-09-26T16:54:05.823Z,88,extreme,55,elevated,0.7.3
2026-09-26T16:59:05.682Z,88,extreme,55,elevated,0.7.3
2026-09-26T17:04:19.685Z,88,extreme,55,elevated,0.7.3
2026-09-26T17:09:08.703Z,88,extreme,55,elevated,0.7.3
2026-09-26T17:14:05.542Z,88,extreme,55,elevated,0.7.3
2026-09-26T17:19:09.222Z,88,extreme,55,elevated,0.7.3
2026-09-26T17:24:07.301Z,88,extreme,55,elevated,0.7.3
2026-09-26T17:29:06.184Z,88,extreme,55,elevated,0.7.3
2026-09-26T17:34:15.842Z,88,extreme,55,elevated,0.7.3
2026-09-26T17:39:03.916Z,88,extreme,55,elevated,0.7.3
2026-09-26T17:44:10.689Z,88,extreme,55,elevated,0.7.3
2026-09-26T17:49:15.323Z,88,extreme,55,elevated,0.7.3
2026-09-26T17:54:04.488Z,88,extreme,55,elevated,0.7.3
2026-09-26T17:59:05.349Z,88,extreme,55,elevated,0.7.3
2026-09-26T18:04:04.803Z,88,extreme,55,elevated,0.7.3
2026-09-26T18:09:18.315Z,88,extreme,55,elevated,0.7.3
2026-09-26T18:14:06.045Z,88,extreme,55,elevated,0.7.3
2026-09-26T18:19:16.126Z,88,extreme,55,elevated,0.7.3
2026-09-26T18:24:08.689Z,88,extreme,55,elevated,0.7.3
2026-09-26T18:29:04.530Z,88,extreme,55,elevated,0.7.3
2026-09-26T18:34:07.171Z,88,extreme,55,elevated,0.7.3
2026-09-26T18:39:18.814Z,88,extreme,55,elevated,0.7.3
2026-09-26T18:44:09.742Z,88,extreme,55,elevated,0.7.3
2026-09-26T18:49:06.490Z,88,extreme,55,elevated,0.7.3
2026-09-26T18:54:05.313Z,88,extreme,55,elevated,0.7.3
2026-09-26T18:59:03.864Z,88,extreme,55,elevated,0.7.3
2026-09-26T19:04:09.016Z,88,extreme,55,elevated,0.7.3
2026-09-26T19:09:05.728Z,88,extreme,55,elevated,0.7.3
2026-09-26T19:14:06.212Z,88,extreme,55,elevated,0.7.3
2026-09-26T19:19:04.489Z,88,extreme,55,elevated,0.7.3
2026-09-26T19:24:09.477Z,88,extreme,55,elevated,0.7.3
2026-09-26T19:29:14.309Z,88,extreme,55,elevated,0.7.3
2026-09-26T19:34:08.578Z,88,extreme,55,elevated,0.7.3
2026-09-26T19:39:06.869Z,88,extreme,55,elevated,0.7.3
2026-09-26T19:44:12.954Z,88,extreme,55,elevated,0.7.3
2026-09-26T19:49:07.788Z,88,extreme,55,elevated,0.7.3
2026-09-26T19:54:06.242Z,88,extreme,55,elevated,0.7.3
2026-09-26T19:59:07.726Z,88,extreme,55,elevated,0.7.3
2026-09-26T20:04:12.976Z,88,extreme,55,elevated,0.7.3
2026-09-26T20:09:04.195Z,88,extreme,55,elevated,0.7.3
2026-09-26T20:14:13.068Z,88,extreme,55,elevated,0.7.3
2026-09-26T20:19:11.566Z,88,extreme,55,elevated,0.7.3
2026-09-26T20:24:05.260Z,88,extreme,55,elevated,0.7.3
2026-09-26T20:29:05.208Z,88,extreme,55,elevated,0.7.3
2026-09-26T20:34:09.066Z,88,extreme,55,elevated,0.7.3
2026-09-26T20:39:10.333Z,88,extreme,55,elevated,0.7.3
2026-09-26T20:44:05.446Z,88,extreme,55,elevated,0.7.3
2026-09-26T20:49:09.655Z,88,extreme,55,elevated,0.7.3
2026-09-26T20:54:10.331Z,88,extreme,55,elevated,0.7.3
2026-09-26T20:59:10.093Z,88,extreme,55,elevated,0.7.3
2026-09-26T21:04:08.318Z,88,extreme,55,elevated,0.7.3
2026-09-26T21:09:05.375Z,88,extreme,55,elevated,0.7.3
2026-09-26T21:14:07.333Z,88,extreme,55,elevated,0.7.3
2026-09-26T21:19:06.526Z,88,extreme,55,elevated,0.7.3
2026-09-26T21:24:06.073Z,88,extreme,55,elevated,0.7.3
2026-09-26T21:29:06.351Z,88,extreme,55,elevated,0.7.3
2026-09-26T21:34:04.634Z,88,extreme,55,elevated,0.7.3
2026-09-26T21:39:13.376Z,88,extreme,55,elevated,0.7.3
2026-09-26T21:44:08.566Z,88,extreme,55,elevated,0.7.3
2026-09-26T21:49:08.035Z,88,extreme,55,elevated,0.7.3
2026-09-26T21:54:06.003Z,88,extreme,55,elevated,0.7.3
2026-09-26T21:59:10.862Z,88,extreme,55,elevated,0.7.3
2026-09-26T22:04:10.174Z,88,extreme,55,elevated,0.7.3
2026-09-26T22:09:05.970Z,88,extreme,55,elevated,0.7.3
2026-09-26T22:14:12.119Z,88,extreme,55,elevated,0.7.3
2026-09-26T22:19:04.990Z,88,extreme,55,elevated,0.7.3
2026-09-26T22:24:05.449Z,88,extreme,55,elevated,0.7.3
2026-09-26T22:29:11.285Z,88,extreme,55,elevated,0.7.3
2026-09-26T22:34:11.508Z,88,extreme,55,elevated,0.7.3
2026-09-26T22:39:04.232Z,88,extreme,55,elevated,0.7.3
2026-09-26T22:44:05.786Z,88,extreme,55,elevated,0.7.3
2026-09-26T22:49:08.423Z,88,extreme,55,elevated,0.7.3
2026-09-26T22:54:12.871Z,88,extreme,55,elevated,0.7.3
2026-09-26T22:59:14.817Z,88,extreme,55,elevated,0.7.3
2026-09-26T23:04:05.458Z,88,extreme,55,elevated,0.7.3
2026-09-26T23:09:15.720Z,88,extreme,55,elevated,0.7.3
2026-09-26T23:14:10.830Z,88,extreme,55,elevated,0.7.3
2026-09-26T23:19:07.433Z,88,extreme,55,elevated,0.7.3
2026-09-26T23:24:09.879Z,88,extreme,55,elevated,0.7.3
2026-09-26T23:29:05.783Z,88,extreme,55,elevated,0.7.3
2026-09-26T23:34:08.049Z,88,extreme,55,elevated,0.7.3
2026-09-26T23:39:04.788Z,88,extreme,55,elevated,0.7.3
2026-09-26T23:44:04.734Z,88,extreme,55,elevated,0.7.3
2026-09-26T23:49:04.682Z,88,extreme,55,elevated,0.7.3
2026-09-26T23:54:04.194Z,88,extreme,55,elevated,0.7.3
2026-09-26T23:59:07.778Z,88,extreme,55,elevated,0.7.3
2026-09-27T00:04:04.309Z,88,extreme,55,elevated,0.7.3
2026-09-27T00:09:06.902Z,88,extreme,55,elevated,0.7.3
2026-09-27T00:14:09.559Z,88,extreme,55,elevated,0.7.3
2026-09-27T00:19:10.634Z,88,extreme,55,elevated,0.7.3
2026-09-27T00:24:06.126Z,88,extreme,55,elevated,0.7.3
2026-09-27T00:29:05.051Z,88,extreme,55,elevated,0.7.3
2026-09-27T00:34:05.143Z,88,extreme,55,elevated,0.7.3
2026-09-27T00:39:10.412Z,88,extreme,55,elevated,0.7.3
2026-09-27T00:44:10.605Z,88,extreme,55,elevated,0.7.3
2026-09-27T00:49:04.975Z,88,extreme,55,elevated,0.7.3
2026-09-27T00:54:14.406Z,88,extreme,55,elevated,0.7.3
2026-09-27T00:59:04.647Z,88,extreme,55,elevated,0.7.3
2026-09-27T01:04:06.037Z,88,extreme,55,elevated,0.7.3
2026-09-27T01:09:07.977Z,88,extreme,55,elevated,0.7.3
2026-09-27T01:14:10.254Z,88,extreme,55,elevated,0.7.3
2026-09-27T01:19:06.142Z,88,extreme,55,elevated,0.7.3
2026-09-27T01:24:11.998Z,88,extreme,55,elevated,0.7.3
2026-09-27T01:29:14.074Z,88,extreme,55,elevated,0.7.3
2026-09-27T01:34:12.864Z,88,extreme,55,elevated,0.7.3
2026-09-27T01:39:05.824Z,88,extreme,55,elevated,0.7.3
2026-09-27T01:44:06.714Z,88,extreme,55,elevated,0.7.3
2026-09-27T01:49:07.913Z,88,extreme,55,elevated,0.7.3
2026-09-27T01:54:11.385Z,88,extreme,55,elevated,0.7.3
2026-09-27T01:59:04.086Z,88,extreme,55,elevated,0.7.3
2026-09-27T02:04:03.940Z,88,extreme,55,elevated,0.7.3
2026-09-27T02:09:03.837Z,88,extreme,55,elevated,0.7.3
2026-09-27T02:14:03.338Z,88,extreme,55,elevated,0.7.3
2026-09-27T02:19:04.013Z,88,extreme,55,elevated,0.7.3
2026-09-27T02:24:03.370Z,88,extreme,55,elevated,0.7.3
2026-09-27T02:29:03.768Z,88,extreme,55,elevated,0.7.3
2026-09-27T02:34:04.245Z,88,extreme,55,elevated,0.7.3
2026-09-27T02:39:04.236Z,88,extreme,55,elevated,0.7.3
2026-09-27T02:44:03.232Z,88,extreme,55,elevated,0.7.3
2026-09-27T02:49:03.292Z,88,extreme,55,elevated,0.7.3
2026-09-27T02:54:03.868Z,88,extreme,55,elevated,0.7.3
2026-09-27T02:59:03.420Z,88,extreme,55,elevated,0.7.3
2026-09-27T03:04:03.907Z,88,extreme,55,elevated,0.7.3
2026-09-27T03:09:03.831Z,88,extreme,55,elevated,0.7.3
2026-09-27T03:14:03.991Z,88,extreme,55,elevated,0.7.3
2026-09-27T03:19:05.067Z,88,extreme,55,elevated,0.7.3
2026-09-27T03:24:03.342Z,88,extreme,55,elevated,0.7.3
2026-09-27T03:29:03.270Z,88,extreme,55,elevated,0.7.3
2026-09-27T03:34:03.314Z,88,extreme,55,elevated,0.7.3
2026-09-27T03:39:03.870Z,88,extreme,55,elevated,0.7.3
2026-09-27T03:44:03.853Z,88,extreme,55,elevated,0.7.3
2026-09-27T03:49:04.049Z,88,extreme,55,elevated,0.7.3
2026-09-27T03:54:04.448Z,88,extreme,55,elevated,0.7.3
2026-09-27T03:59:04.469Z,88,extreme,55,elevated,0.7.3
2026-09-27T04:04:03.837Z,88,extreme,55,elevated,0.7.3
2026-09-27T04:09:03.470Z,88,extreme,55,elevated,0.7.3
2026-09-27T04:14:03.712Z,88,extreme,55,elevated,0.7.3
2026-09-27T04:19:03.970Z,88,extreme,55,elevated,0.7.3
2026-09-27T04:24:03.835Z,88,extreme,55,elevated,0.7.3
2026-09-27T04:29:03.375Z,88,extreme,55,elevated,0.7.3
2026-09-27T04:34:04.109Z,88,extreme,55,elevated,0.7.3
2026-09-27T04:39:03.216Z,88,extreme,55,elevated,0.7.3
2026-09-27T04:44:05.012Z,88,extreme,55,elevated,0.7.3
2026-09-27T04:49:03.446Z,88,extreme,55,elevated,0.7.3
2026-09-27T04:54:03.423Z,88,extreme,55,elevated,0.7.3
2026-09-27T04:59:03.363Z,88,extreme,55,elevated,0.7.3
2026-09-27T05:04:03.347Z,88,extreme,55,elevated,0.7.3
2026-09-27T05:09:03.291Z,88,extreme,55,elevated,0.7.3
2026-09-27T05:14:03.900Z,88,extreme,55,elevated,0.7.3
2026-09-27T05:19:03.253Z,88,extreme,55,elevated,0.7.3
2026-09-27T05:24:03.254Z,88,extreme,55,elevated,0.7.3
2026-09-27T05:29:03.899Z,88,extreme,55,elevated,0.7.3
2026-09-27T05:34:04.305Z,88,extreme,55,elevated,0.7.3
2026-09-27T05:39:03.547Z,88,extreme,55,elevated,0.7.3
2026-09-27T05:44:03.890Z,88,extreme,55,elevated,0.7.3
2026-09-27T05:49:03.246Z,88,extreme,55,elevated,0.7.3
2026-09-27T05:54:03.168Z,88,extreme,55,elevated,0.7.3
2026-09-27T05:59:03.692Z,88,extreme,55,elevated,0.7.3
2026-09-27T06:04:03.293Z,88,extreme,55,elevated,0.7.3
2026-09-27T06:09:03.157Z,88,extreme,55,elevated,0.7.3
2026-09-27T06:14:04.137Z,88,extreme,55,elevated,0.7.3
2026-09-27T06:19:03.156Z,88,extreme,55,elevated,0.7.3
2026-09-27T06:24:03.136Z,88,extreme,55,elevated,0.7.3
2026-09-27T06:29:03.436Z,88,extreme,55,elevated,0.7.3
2026-09-27T06:34:03.831Z,88,extreme,55,elevated,0.7.3
2026-09-27T06:39:03.455Z,88,extreme,55,elevated,0.7.3
2026-09-27T06:44:03.930Z,88,extreme,55,elevated,0.7.3
2026-09-27T06:49:04.305Z,88,extreme,55,elevated,0.7.3
2026-09-27T06:54:03.741Z,88,extreme,55,elevated,0.7.3
2026-09-27T06:59:03.662Z,88,extreme,55,elevated,0.7.3
2026-09-27T07:04:04.178Z,88,extreme,55,elevated,0.7.3
2026-09-27T07:09:03.243Z,88,extreme,55,elevated,0.7.3
2026-09-27T07:14:03.936Z,88,extreme,55,elevated,0.7.3
2026-09-27T07:19:03.306Z,88,extreme,55,elevated,0.7.3
2026-09-27T07:24:03.250Z,88,extreme,55,elevated,0.7.3
2026-09-27T07:29:03.772Z,88,extreme,55,elevated,0.7.3
2026-09-27T07:34:03.156Z,88,extreme,55,elevated,0.7.3
2026-09-27T07:39:03.208Z,88,extreme,55,elevated,0.7.3
2026-09-27T07:44:03.952Z,88,extreme,55,elevated,0.7.3
2026-09-27T07:49:03.853Z,88,extreme,55,elevated,0.7.3
2026-09-27T07:54:03.062Z,88,extreme,55,elevated,0.7.3
2026-09-27T07:59:03.278Z,88,extreme,55,elevated,0.7.3
2026-09-27T08:04:07.422Z,88,extreme,55,elevated,0.7.3
2026-09-27T08:09:05.141Z,88,extreme,55,elevated,0.7.3
2026-09-27T08:14:05.072Z,88,extreme,55,elevated,0.7.3
2026-09-27T08:19:04.420Z,88,extreme,55,elevated,0.7.3
2026-09-27T08:24:07.719Z,88,extreme,55,elevated,0.7.3
2026-09-27T08:29:07.347Z,88,extreme,55,elevated,0.7.3
2026-09-27T08:34:05.757Z,88,extreme,55,elevated,0.7.3
2026-09-27T08:39:04.449Z,88,extreme,55,elevated,0.7.3
2026-09-27T08:44:06.345Z,88,extreme,55,elevated,0.7.3
2026-09-27T08:49:04.503Z,88,extreme,55,elevated,0.7.3
2026-09-27T08:54:05.205Z,88,extreme,55,elevated,0.7.3
2026-09-27T08:59:06.398Z,88,extreme,55,elevated,0.7.3
2026-09-27T09:04:03.706Z,88,extreme,55,elevated,0.7.3
2026-09-27T09:09:08.675Z,88,extreme,55,elevated,0.7.3
2026-09-27T09:14:08.220Z,88,extreme,55,elevated,0.7.3
2026-09-27T09:19:13.305Z,88,extreme,55,elevated,0.7.3
2026-09-27T09:24:09.476Z,88,extreme,55,elevated,0.7.3
2026-09-27T09:29:13.904Z,88,extreme,55,elevated,0.7.3
2026-09-27T09:34:06.330Z,88,extreme,55,elevated,0.7.3
2026-09-27T09:39:11.598Z,88,extreme,55,elevated,0.7.3
2026-09-27T09:44:16.222Z,88,extreme,55,elevated,0.7.3
2026-09-27T09:49:10.153Z,88,extreme,55,elevated,0.7.3
2026-09-27T09:54:07.245Z,88,extreme,55,elevated,0.7.3
2026-09-27T09:59:07.525Z,88,extreme,55,elevated,0.7.3
2026-09-27T10:04:11.400Z,88,extreme,55,elevated,0.7.3
2026-09-27T10:09:05.436Z,88,extreme,55,elevated,0.7.3
2026-09-27T10:14:18.616Z,88,extreme,55,elevated,0.7.3
2026-09-27T10:19:14.236Z,88,extreme,55,elevated,0.7.3
2026-09-27T10:24:13.253Z,88,extreme,55,elevated,0.7.3
2026-09-27T10:29:14.958Z,88,extreme,55,elevated,0.7.3
2026-09-27T10:34:13.679Z,88,extreme,55,elevated,0.7.3
2026-09-27T10:39:08.552Z,88,extreme,55,elevated,0.7.3
2026-09-27T10:44:04.963Z,88,extreme,55,elevated,0.7.3
2026-09-27T10:49:06.439Z,88,extreme,55,elevated,0.7.3
2026-09-27T10:54:09.986Z,88,extreme,55,elevated,0.7.3
2026-09-27T10:59:04.567Z,88,extreme,55,elevated,0.7.3
2026-09-27T11:04:12.041Z,88,extreme,55,elevated,0.7.3
2026-09-27T11:09:08.677Z,88,extreme,55,elevated,0.7.3
2026-09-27T11:14:10.959Z,88,extreme,55,elevated,0.7.3
2026-09-27T11:19:11.760Z,88,extreme,55,elevated,0.7.3
2026-09-27T11:24:05.807Z,88,extreme,55,elevated,0.7.3
2026-09-27T11:29:08.275Z,88,extreme,55,elevated,0.7.3
2026-09-27T11:34:05.499Z,88,extreme,55,elevated,0.7.3
2026-09-27T11:39:12.123Z,88,extreme,55,elevated,0.7.3
2026-09-27T11:44:09.480Z,88,extreme,55,elevated,0.7.3
2026-09-27T11:49:04.066Z,88,extreme,55,elevated,0.7.3
2026-09-27T11:54:07.303Z,88,extreme,55,elevated,0.7.3
2026-09-27T11:59:08.302Z,88,extreme,55,elevated,0.7.3
2026-09-27T12:04:11.846Z,88,extreme,55,elevated,0.7.3
2026-09-27T12:09:07.259Z,88,extreme,55,elevated,0.7.3
2026-09-27T12:14:08.568Z,88,extreme,55,elevated,0.7.3
2026-09-27T12:19:07.665Z,88,extreme,55,elevated,0.7.3
2026-09-27T12:24:06.012Z,88,extreme,55,elevated,0.7.3
2026-09-27T12:29:10.312Z,88,extreme,55,elevated,0.7.3
2026-09-27T12:34:07.593Z,88,extreme,55,elevated,0.7.3
2026-09-27T12:39:09.192Z,88,extreme,55,elevated,0.7.3
2026-09-27T12:44:08.720Z,88,extreme,55,elevated,0.7.3
2026-09-27T12:49:04.496Z,88,extreme,55,elevated,0.7.3
2026-09-27T12:54:05.375Z,88,extreme,55,elevated,0.7.3
2026-09-27T12:59:09.358Z,88,extreme,55,elevated,0.7.3
2026-09-27T13:04:12.054Z,88,extreme,55,elevated,0.7.3
2026-09-27T13:09:04.519Z,88,extreme,55,elevated,0.7.3
2026-09-27T13:14:14.011Z,88,extreme,55,elevated,0.7.3
2026-09-27T13:19:10.583Z,88,extreme,55,elevated,0.7.3
2026-09-27T13:24:04.435Z,88,extreme,55,elevated,0.7.3
2026-09-27T13:29:05.698Z,88,extreme,55,elevated,0.7.3
2026-09-27T13:34:07.290Z,88,extreme,55,elevated,0.7.3
2026-09-27T13:39:14.291Z,88,extreme,55,elevated,0.7.3
2026-09-27T13:44:06.552Z,88,extreme,55,elevated,0.7.3
2026-09-27T13:49:08.852Z,88,extreme,55,elevated,0.7.3
2026-09-27T13:54:15.890Z,88,extreme,55,elevated,0.7.3
2026-09-27T13:59:05.609Z,88,extreme,55,elevated,0.7.3
2026-09-27T14:04:14.700Z,88,extreme,55,elevated,0.7.3
2026-09-27T14:09:04.531Z,88,extreme,55,elevated,0.7.3
2026-09-27T14:14:09.290Z,88,extreme,55,elevated,0.7.3
2026-09-27T14:19:06.315Z,88,extreme,55,elevated,0.7.3
2026-09-27T14:24:12.751Z,88,extreme,55,elevated,0.7.3
2026-09-27T14:29:04.464Z,88,extreme,55,elevated,0.7.3
2026-09-27T14:34:08.869Z,88,extreme,55,elevated,0.7.3
2026-09-27T14:39:09.176Z,88,extreme,55,elevated,0.7.3
2026-09-27T14:44:10.290Z,88,extreme,55,elevated,0.7.3
2026-09-27T14:49:09.727Z,88,extreme,55,elevated,0.7.3
2026-09-27T14:54:04.517Z,88,extreme,55,elevated,0.7.3
2026-09-27T14:59:11.744Z,88,extreme,55,elevated,0.7.3
2026-09-27T15:04:07.904Z,88,extreme,55,elevated,0.7.3
2026-09-27T15:09:06.176Z,88,extreme,55,elevated,0.7.3
2026-09-27T15:14:05.592Z,88,extreme,55,elevated,0.7.3
2026-09-27T15:19:07.427Z,88,extreme,55,elevated,0.7.3
2026-09-27T15:24:12.316Z,88,extreme,55,elevated,0.7.3
2026-09-27T15:29:04.456Z,88,extreme,55,elevated,0.7.3
2026-09-27T15:34:15.519Z,88,extreme,55,elevated,0.7.3
2026-09-27T15:39:08.293Z,88,extreme,55,elevated,0.7.3
2026-09-27T15:44:08.849Z,88,extreme,55,elevated,0.7.3
2026-09-27T15:49:12.354Z,88,extreme,55,elevated,0.7.3
2026-09-27T15:54:08.750Z,88,extreme,55,elevated,0.7.3
2026-09-27T15:59:07.140Z,88,extreme,55,elevated,0.7.3
2026-09-27T16:04:18.459Z,88,extreme,55,elevated,0.7.3
2026-09-27T16:09:05.866Z,88,extreme,55,elevated,0.7.3
2026-09-27T16:14:09.841Z,88,extreme,55,elevated,0.7.3
2026-09-27T16:19:06.675Z,88,extreme,55,elevated,0.7.3
2026-09-27T16:24:07.971Z,88,extreme,55,elevated,0.7.3
2026-09-27T16:29:10.926Z,88,extreme,55,elevated,0.7.3
2026-09-27T16:34:05.132Z,88,extreme,55,elevated,0.7.3
2026-09-27T16:39:05.330Z,88,extreme,55,elevated,0.7.3
2026-09-27T16:44:08.878Z,88,extreme,55,elevated,0.7.3
2026-09-27T16:49:08.780Z,88,extreme,55,elevated,0.7.3
2026-09-27T16:54:06.872Z,88,extreme,55,elevated,0.7.3
2026-09-27T16:59:10.297Z,88,extreme,55,elevated,0.7.3
2026-09-27T17:04:09.031Z,88,extreme,55,elevated,0.7.3
2026-09-27T17:09:06.054Z,88,extreme,55,elevated,0.7.3
2026-09-27T17:14:06.694Z,88,extreme,55,elevated,0.7.3
2026-09-27T17:19:14.946Z,88,extreme,55,elevated,0.7.3
2026-09-27T17:24:17.347Z,88,extreme,55,elevated,0.7.3
2026-09-27T17:29:07.543Z,88,extreme,55,elevated,0.7.3
2026-09-27T17:34:05.429Z,88,extreme,55,elevated,0.7.3
2026-09-27T17:39:17.819Z,88,extreme,55,elevated,0.7.3
2026-09-27T17:44:11.491Z,88,extreme,55,elevated,0.7.3
2026-09-27T17:49:10.633Z,88,extreme,55,elevated,0.7.3
2026-09-27T17:54:07.118Z,88,extreme,55,elevated,0.7.3
2026-09-27T17:59:04.523Z,88,extreme,55,elevated,0.7.3
2026-09-27T18:04:18.837Z,88,extreme,55,elevated,0.7.3
2026-09-27T18:09:11.721Z,88,extreme,55,elevated,0.7.3
2026-09-27T18:14:14.800Z,88,extreme,55,elevated,0.7.3
2026-09-27T18:19:14.121Z,88,extreme,55,elevated,0.7.3
2026-09-27T18:24:09.077Z,88,extreme,55,elevated,0.7.3
2026-09-27T18:29:13.133Z,88,extreme,55,elevated,0.7.3
2026-09-27T18:34:12.769Z,88,extreme,55,elevated,0.7.3
2026-09-27T18:39:06.889Z,88,extreme,55,elevated,0.7.3
2026-09-27T18:44:07.646Z,88,extreme,55,elevated,0.7.3
2026-09-27T18:49:06.454Z,88,extreme,55,elevated,0.7.3
2026-09-27T18:54:04.644Z,88,extreme,55,elevated,0.7.3
2026-09-27T18:59:15.699Z,88,extreme,55,elevated,0.7.3
2026-09-27T19:04:17.279Z,88,extreme,55,elevated,0.7.3
2026-09-27T19:09:04.884Z,88,extreme,55,elevated,0.7.3
2026-09-27T19:14:06.174Z,88,extreme,55,elevated,0.7.3
2026-09-27T19:19:07.240Z,88,extreme,55,elevated,0.7.3
2026-09-27T19:24:08.901Z,88,extreme,55,elevated,0.7.3
2026-09-27T19:29:03.745Z,88,extreme,55,elevated,0.7.3
2026-09-27T19:34:03.263Z,88,extreme,55,elevated,0.7.3
2026-09-27T19:39:03.189Z,88,extreme,55,elevated,0.7.3
2026-09-27T19:44:03.874Z,88,extreme,55,elevated,0.7.3
2026-09-27T19:49:03.764Z,88,extreme,55,elevated,0.7.3
2026-09-27T19:54:03.307Z,88,extreme,55,elevated,0.7.3
2026-09-27T19:59:04.121Z,88,extreme,55,elevated,0.7.3
2026-09-27T20:04:03.636Z,88,extreme,55,elevated,0.7.3
2026-09-27T20:09:03.447Z,88,extreme,55,elevated,0.7.3
2026-09-27T20:14:03.876Z,88,extreme,55,elevated,0.7.3
2026-09-27T20:19:03.177Z,88,extreme,55,elevated,0.7.3
2026-09-27T20:24:03.788Z,88,extreme,55,elevated,0.7.3
2026-09-27T20:29:03.725Z,88,extreme,55,elevated,0.7.3
2026-09-27T20:34:03.629Z,88,extreme,55,elevated,0.7.3
2026-09-27T20:39:03.385Z,88,extreme,55,elevated,0.7.3
2026-09-27T20:44:03.574Z,88,extreme,55,elevated,0.7.3
2026-09-27T20:49:03.372Z,88,extreme,55,elevated,0.7.3
2026-09-27T20:54:03.760Z,88,extreme,55,elevated,0.7.3
2026-09-27T20:59:03.540Z,88,extreme,55,elevated,0.7.3
2026-09-27T21:04:03.167Z,88,extreme,55,elevated,0.7.3
2026-09-27T21:09:03.235Z,88,extreme,55,elevated,0.7.3
2026-09-27T21:14:03.341Z,88,extreme,55,elevated,0.7.3
2026-09-27T21:19:03.364Z,88,extreme,55,elevated,0.7.3
2026-09-27T21:24:03.358Z,88,extreme,55,elevated,0.7.3
2026-09-27T21:29:03.798Z,88,extreme,55,elevated,0.7.3
2026-09-27T21:34:03.227Z,88,extreme,55,elevated,0.7.3
2026-09-27T21:39:03.857Z,88,extreme,55,elevated,0.7.3
2026-09-27T21:44:03.869Z,88,extreme,55,elevated,0.7.3
2026-09-27T21:49:03.811Z,88,extreme,55,elevated,0.7.3
2026-09-27T21:54:03.632Z,88,extreme,55,elevated,0.7.3
2026-09-27T21:59:03.921Z,88,extreme,55,elevated,0.7.3
2026-09-27T22:04:03.228Z,88,extreme,55,elevated,0.7.3
2026-09-27T22:09:04.106Z,88,extreme,55,elevated,0.7.3
2026-09-27T22:14:04.240Z,88,extreme,55,elevated,0.7.3
2026-09-27T22:19:03.361Z,88,extreme,55,elevated,0.7.3
2026-09-27T22:24:03.742Z,88,extreme,55,elevated,0.7.3
2026-09-27T22:29:04.123Z,88,extreme,55,elevated,0.7.3
2026-09-27T22:34:03.598Z,88,extreme,55,elevated,0.7.3
2026-09-27T22:39:03.547Z,88,extreme,55,elevated,0.7.3
2026-09-27T22:44:03.810Z,88,extreme,55,elevated,0.7.3
2026-09-27T22:49:03.749Z,88,extreme,55,elevated,0.7.3
2026-09-27T22:54:03.312Z,88,extreme,55,elevated,0.7.3
2026-09-27T22:59:03.779Z,88,extreme,55,elevated,0.7.3
2026-09-27T23:04:03.823Z,88,extreme,55,elevated,0.7.3
2026-09-27T23:09:03.353Z,88,extreme,55,elevated,0.7.3
2026-09-27T23:14:03.326Z,88,extreme,55,elevated,0.7.3
2026-09-27T23:19:03.168Z,88,extreme,55,elevated,0.7.3
2026-09-27T23:24:03.956Z,88,extreme,55,elevated,0.7.3
2026-09-27T23:29:03.701Z,88,extreme,55,elevated,0.7.3
2026-09-27T23:34:03.778Z,88,extreme,55,elevated,0.7.3
2026-09-27T23:39:03.179Z,88,extreme,55,elevated,0.7.3
2026-09-27T23:44:03.789Z,88,extreme,55,elevated,0.7.3
2026-09-27T23:49:03.420Z,88,extreme,55,elevated,0.7.3
2026-09-27T23:54:03.801Z,88,extreme,55,elevated,0.7.3
2026-09-27T23:59:03.205Z,88,extreme,55,elevated,0.7.3
2026-09-28T00:04:04.201Z,88,extreme,55,elevated,0.7.3
2026-09-28T00:09:03.462Z,88,extreme,55,elevated,0.7.3
2026-09-28T00:14:03.782Z,88,extreme,55,elevated,0.7.3
2026-09-28T00:19:03.261Z,88,extreme,55,elevated,0.7.3
2026-09-28T00:24:03.864Z,88,extreme,55,elevated,0.7.3
2026-09-28T00:29:03.127Z,88,extreme,55,elevated,0.7.3
2026-09-28T00:34:03.777Z,88,extreme,55,elevated,0.7.3
2026-09-28T00:39:04.047Z,88,extreme,55,elevated,0.7.3
2026-09-28T00:44:03.247Z,88,extreme,55,elevated,0.7.3
2026-09-28T00:49:03.879Z,88,extreme,55,elevated,0.7.3
2026-09-28T00:54:03.223Z,88,extreme,55,elevated,0.7.3
2026-09-28T00:59:03.665Z,88,extreme,55,elevated,0.7.3
2026-09-28T01:04:03.242Z,88,extreme,55,elevated,0.7.3
2026-09-28T01:09:03.751Z,88,extreme,55,elevated,0.7.3
2026-09-28T01:14:03.779Z,88,extreme,55,elevated,0.7.3
2026-09-28T01:19:03.822Z,88,extreme,55,elevated,0.7.3
2026-09-28T01:24:03.754Z,88,extreme,55,elevated,0.7.3
2026-09-28T01:29:03.854Z,88,extreme,55,elevated,0.7.3
2026-09-28T01:34:03.896Z,88,extreme,55,elevated,0.7.3
2026-09-28T01:39:03.909Z,88,extreme,55,elevated,0.7.3
2026-09-28T01:44:04.018Z,88,extreme,55,elevated,0.7.3
2026-09-28T01:49:03.778Z,88,extreme,55,elevated,0.7.3
2026-09-28T01:54:03.188Z,88,extreme,55,elevated,0.7.3
2026-09-28T01:59:03.806Z,88,extreme,55,elevated,0.7.3
2026-09-28T02:04:03.991Z,88,extreme,55,elevated,0.7.3
2026-09-28T02:09:03.107Z,88,extreme,55,elevated,0.7.3
2026-09-28T02:14:03.405Z,88,extreme,55,elevated,0.7.3
2026-09-28T02:19:03.777Z,88,extreme,55,elevated,0.7.3
2026-09-28T02:24:03.323Z,88,extreme,55,elevated,0.7.3
2026-09-28T02:29:06.069Z,88,extreme,55,elevated,0.7.3
2026-09-28T02:34:03.762Z,88,extreme,55,elevated,0.7.3
2026-09-28T02:39:03.920Z,88,extreme,55,elevated,0.7.3
2026-09-28T02:44:03.207Z,88,extreme,55,elevated,0.7.3
2026-09-28T02:49:03.896Z,88,extreme,55,elevated,0.7.3
2026-09-28T02:54:03.808Z,88,extreme,55,elevated,0.7.3
2026-09-28T02:59:04.188Z,88,extreme,55,elevated,0.7.3
2026-09-28T03:04:03.919Z,88,extreme,55,elevated,0.7.3
2026-09-28T03:09:03.465Z,88,extreme,55,elevated,0.7.3
2026-09-28T03:14:03.896Z,88,extreme,55,elevated,0.7.3
2026-09-28T03:19:03.912Z,88,extreme,55,elevated,0.7.3
2026-09-28T03:24:03.903Z,88,extreme,55,elevated,0.7.3
2026-09-28T03:29:03.616Z,88,extreme,55,elevated,0.7.3
2026-09-28T03:34:03.273Z,88,extreme,55,elevated,0.7.3
2026-09-28T03:39:03.787Z,88,extreme,55,elevated,0.7.3
2026-09-28T03:44:03.963Z,88,extreme,55,elevated,0.7.3
2026-09-28T03:49:03.995Z,88,extreme,55,elevated,0.7.3
2026-09-28T03:54:03.310Z,88,extreme,55,elevated,0.7.3
2026-09-28T03:59:04.061Z,88,extreme,55,elevated,0.7.3
2026-09-28T04:04:09.720Z,88,extreme,55,elevated,0.7.3
2026-09-28T04:09:15.480Z,88,extreme,55,elevated,0.7.3
2026-09-28T04:14:07.991Z,88,extreme,55,elevated,0.7.3
2026-09-28T04:19:15.059Z,88,extreme,54,elevated,0.7.3
2026-09-28T04:24:10.415Z,88,extreme,54,elevated,0.7.3
2026-09-28T04:29:04.735Z,88,extreme,54,elevated,0.7.3
2026-09-28T04:34:03.789Z,88,extreme,54,elevated,0.7.3
2026-09-28T04:39:10.043Z,88,extreme,54,elevated,0.7.3
2026-09-28T04:44:07.799Z,88,extreme,54,elevated,0.7.3
2026-09-28T04:49:08.154Z,88,extreme,54,elevated,0.7.3
2026-09-28T04:54:10.525Z,88,extreme,54,elevated,0.7.3
2026-09-28T04:59:07.134Z,88,extreme,54,elevated,0.7.3
2026-09-28T05:04:05.085Z,88,extreme,54,elevated,0.7.3
2026-09-28T05:09:05.507Z,88,extreme,54,elevated,0.7.3
2026-09-28T05:14:12.227Z,88,extreme,54,elevated,0.7.3
2026-09-28T05:19:04.435Z,88,extreme,54,elevated,0.7.3
2026-09-28T05:24:11.529Z,88,extreme,54,elevated,0.7.3
2026-09-28T05:29:08.380Z,88,extreme,54,elevated,0.7.3
2026-09-28T05:34:08.405Z,88,extreme,54,elevated,0.7.3
2026-09-28T05:39:07.108Z,88,extreme,54,elevated,0.7.3
2026-09-28T05:44:06.782Z,88,extreme,54,elevated,0.7.3
2026-09-28T05:49:10.321Z,88,extreme,54,elevated,0.7.3
2026-09-28T05:54:05.195Z,88,extreme,54,elevated,0.7.3
2026-09-28T05:59:04.653Z,88,extreme,54,elevated,0.7.3
2026-09-28T06:04:05.535Z,88,extreme,54,elevated,0.7.3
2026-09-28T06:09:08.776Z,88,extreme,54,elevated,0.7.3
2026-09-28T06:14:07.999Z,88,extreme,54,elevated,0.7.3
2026-09-28T06:19:05.846Z,88,extreme,54,elevated,0.7.3
2026-09-28T06:24:11.708Z,88,extreme,54,elevated,0.7.3
2026-09-28T06:29:05.748Z,88,extreme,54,elevated,0.7.3
2026-09-28T06:34:06.577Z,88,extreme,54,elevated,0.7.3
2026-09-28T06:39:16.670Z,88,extreme,54,elevated,0.7.3
2026-09-28T06:44:03.876Z,88,extreme,54,elevated,0.7.3
2026-09-28T06:49:12.515Z,88,extreme,54,elevated,0.7.3
2026-09-28T06:54:07.743Z,88,extreme,54,elevated,0.7.3
2026-09-28T06:59:07.083Z,88,extreme,54,elevated,0.7.3
2026-09-28T07:04:10.761Z,88,extreme,54,elevated,0.7.3
2026-09-28T07:09:05.544Z,88,extreme,54,elevated,0.7.3
2026-09-28T07:14:14.011Z,88,extreme,54,elevated,0.7.3
2026-09-28T07:19:04.090Z,88,extreme,54,elevated,0.7.3
2026-09-28T07:24:03.861Z,88,extreme,54,elevated,0.7.3
2026-09-28T07:29:03.949Z,88,extreme,54,elevated,0.7.3
2026-09-28T07:34:04.068Z,88,extreme,54,elevated,0.7.3
2026-09-28T07:39:04.047Z,88,extreme,54,elevated,0.7.3
2026-09-28T07:44:03.984Z,88,extreme,54,elevated,0.7.3
2026-09-28T07:49:03.906Z,88,extreme,54,elevated,0.7.3
2026-09-28T07:54:03.776Z,88,extreme,54,elevated,0.7.3
2026-09-28T07:59:03.092Z,88,extreme,54,elevated,0.7.3
2026-09-28T08:04:18.031Z,88,extreme,54,elevated,0.7.3
2026-09-28T08:09:13.148Z,88,extreme,54,elevated,0.7.3
2026-09-28T08:14:08.745Z,88,extreme,54,elevated,0.7.3
2026-09-28T08:19:07.446Z,88,extreme,54,elevated,0.7.3
2026-09-28T08:24:04.747Z,88,extreme,54,elevated,0.7.3
2026-09-28T08:29:09.954Z,88,extreme,54,elevated,0.7.3
2026-09-28T08:34:07.408Z,88,extreme,54,elevated,0.7.3
2026-09-28T08:39:04.110Z,88,extreme,54,elevated,0.7.3
2026-09-28T08:44:05.985Z,88,extreme,54,elevated,0.7.3
2026-09-28T08:49:14.044Z,88,extreme,54,elevated,0.7.3
2026-09-28T08:54:10.878Z,88,extreme,54,elevated,0.7.3
2026-09-28T08:59:05.432Z,88,extreme,54,elevated,0.7.3
2026-09-28T09:04:06.466Z,88,extreme,54,elevated,0.7.3
2026-09-28T09:09:14.066Z,88,extreme,54,elevated,0.7.3
2026-09-28T09:14:22.466Z,88,extreme,54,elevated,0.7.3
2026-09-28T09:19:04.210Z,88,extreme,54,elevated,0.7.3
2026-09-28T09:24:21.419Z,88,extreme,54,elevated,0.7.3
2026-09-28T09:29:22.511Z,88,extreme,54,elevated,0.7.3
2026-09-28T09:34:14.675Z,88,extreme,54,elevated,0.7.3
2026-09-28T09:39:19.923Z,88,extreme,54,elevated,0.7.3
2026-09-28T09:44:19.296Z,88,extreme,54,elevated,0.7.3
2026-09-28T09:49:05.383Z,88,extreme,54,elevated,0.7.3
2026-09-28T09:54:06.420Z,88,extreme,54,elevated,0.7.3
2026-09-28T09:59:10.938Z,88,extreme,54,elevated,0.7.3
2026-09-28T10:04:17.309Z,88,extreme,54,elevated,0.7.3
2026-09-28T10:09:04.879Z,88,extreme,54,elevated,0.7.3
2026-09-28T10:14:05.127Z,88,extreme,54,elevated,0.7.3
2026-09-28T10:19:08.948Z,88,extreme,54,elevated,0.7.3
2026-09-28T10:24:05.871Z,88,extreme,54,elevated,0.7.3
2026-09-28T10:29:11.179Z,88,extreme,54,elevated,0.7.3
2026-09-28T10:34:12.672Z,88,extreme,54,elevated,0.7.3
2026-09-28T10:39:08.105Z,88,extreme,54,elevated,0.7.3
2026-09-28T10:44:07.133Z,88,extreme,54,elevated,0.7.3
2026-09-28T10:49:10.548Z,88,extreme,54,elevated,0.7.3
2026-09-28T10:54:06.242Z,88,extreme,54,elevated,0.7.3
2026-09-28T10:59:08.963Z,88,extreme,54,elevated,0.7.3
2026-09-28T11:04:06.403Z,88,extreme,54,elevated,0.7.3
2026-09-28T11:09:14.024Z,88,extreme,54,elevated,0.7.3
2026-09-28T11:14:05.225Z,88,extreme,54,elevated,0.7.3
2026-09-28T11:19:06.328Z,88,extreme,54,elevated,0.7.3
2026-09-28T11:24:05.269Z,88,extreme,54,elevated,0.7.3
2026-09-28T11:29:08.772Z,88,extreme,54,elevated,0.7.3
2026-09-28T11:34:18.638Z,88,extreme,54,elevated,0.7.3
2026-09-28T11:39:03.280Z,88,extreme,54,elevated,0.7.3
2026-09-28T11:44:12.414Z,88,extreme,54,elevated,0.7.3
2026-09-28T11:49:08.890Z,88,extreme,54,elevated,0.7.3
2026-09-28T11:54:16.058Z,88,extreme,54,elevated,0.7.3
2026-09-28T11:59:16.298Z,88,extreme,54,elevated,0.7.3
2026-09-28T12:04:11.014Z,88,extreme,54,elevated,0.7.3
2026-09-28T12:09:19.693Z,88,extreme,54,elevated,0.7.3
2026-09-28T12:14:06.368Z,88,extreme,54,elevated,0.7.3
2026-09-28T12:19:17.678Z,88,extreme,54,elevated,0.7.3
2026-09-28T12:24:16.724Z,88,extreme,54,elevated,0.7.3
2026-09-28T12:29:04.585Z,88,extreme,54,elevated,0.7.3
2026-09-28T12:34:21.550Z,88,extreme,54,elevated,0.7.3
2026-09-28T12:39:19.978Z,88,extreme,54,elevated,0.7.3
2026-09-28T12:44:06.496Z,88,extreme,54,elevated,0.7.3
2026-09-28T12:49:05.829Z,88,extreme,54,elevated,0.7.3
2026-09-28T12:54:09.097Z,88,extreme,54,elevated,0.7.3
2026-09-28T12:59:07.149Z,88,extreme,54,elevated,0.7.3
2026-09-28T13:04:06.323Z,88,extreme,54,elevated,0.7.3
2026-09-28T13:09:13.974Z,88,extreme,54,elevated,0.7.3
2026-09-28T13:14:08.140Z,88,extreme,54,elevated,0.7.3
2026-09-28T13:19:20.799Z,88,extreme,54,elevated,0.7.3
2026-09-28T13:24:13.026Z,88,extreme,54,elevated,0.7.3
2026-09-28T13:29:16.844Z,88,extreme,54,elevated,0.7.3
2026-09-28T13:34:15.446Z,88,extreme,54,elevated,0.7.3
2026-09-28T13:39:06.216Z,88,extreme,54,elevated,0.7.3
2026-09-28T13:44:05.512Z,88,extreme,54,elevated,0.7.3
2026-09-28T13:49:07.854Z,88,extreme,54,elevated,0.7.3
2026-09-28T13:54:16.332Z,88,extreme,54,elevated,0.7.3
2026-09-28T13:59:20.758Z,88,extreme,54,elevated,0.7.3
2026-09-28T14:04:23.098Z,88,extreme,54,elevated,0.7.3
2026-09-28T14:09:17.698Z,88,extreme,54,elevated,0.7.4
2026-09-28T14:14:10.243Z,88,extreme,54,elevated,0.7.4
2026-09-28T14:19:15.477Z,88,extreme,54,elevated,0.7.4
2026-09-28T14:24:05.690Z,88,extreme,54,elevated,0.7.4
2026-09-28T14:29:07.994Z,88,extreme,54,elevated,0.7.4
2026-09-28T14:34:18.927Z,88,extreme,54,elevated,0.7.4
2026-09-28T14:39:13.435Z,88,extreme,54,elevated,0.7.4
2026-09-28T14:44:07.332Z,88,extreme,54,elevated,0.7.4
2026-09-28T14:49:19.005Z,88,extreme,54,elevated,0.7.4
2026-09-28T14:54:06.504Z,88,extreme,53,elevated,0.7.5
2026-09-28T14:59:12.882Z,88,extreme,54,elevated,0.7.5
2026-09-28T15:04:07.501Z,88,extreme,54,elevated,0.7.5
2026-09-28T15:09:09.173Z,88,extreme,54,elevated,0.7.5
2026-09-28T15:14:09.796Z,88,extreme,54,elevated,0.7.5
2026-09-28T15:19:21.088Z,88,extreme,54,elevated,0.7.5
2026-09-28T15:24:05.839Z,88,extreme,54,elevated,0.7.5
2026-09-28T15:29:10.589Z,88,extreme,54,elevated,0.7.5
2026-09-28T15:34:06.855Z,88,extreme,54,elevated,0.7.5
2026-09-28T15:39:13.859Z,88,extreme,54,elevated,0.7.5
2026-09-28T15:44:05.599Z,88,extreme,54,elevated,0.7.5
2026-09-28T15:49:06.210Z,88,extreme,54,elevated,0.7.5
2026-09-28T15:54:05.970Z,88,extreme,54,elevated,0.7.5
2026-09-28T15:59:09.446Z,88,extreme,54,elevated,0.7.5
2026-09-28T16:04:08.059Z,88,extreme,54,elevated,0.7.5
2026-09-28T16:09:08.279Z,88,extreme,54,elevated,0.7.5
2026-09-28T16:14:04.713Z,88,extreme,54,elevated,0.7.5
2026-09-28T16:19:04.074Z,88,extreme,54,elevated,0.7.5
2026-09-28T16:24:04.077Z,88,extreme,54,elevated,0.7.5
2026-09-28T16:29:04.085Z,88,extreme,54,elevated,0.7.5
2026-09-28T16:34:03.662Z,88,extreme,54,elevated,0.7.5
2026-09-28T16:39:03.520Z,88,extreme,54,elevated,0.7.5
2026-09-28T16:44:04.870Z,88,extreme,54,elevated,0.7.5
2026-09-28T16:49:03.910Z,88,extreme,54,elevated,0.7.5
2026-09-28T16:54:03.679Z,88,extreme,54,elevated,0.7.5
2026-09-28T16:59:04.436Z,88,extreme,54,elevated,0.7.5
2026-09-28T17:04:04.728Z,88,extreme,54,elevated,0.7.5
2026-09-28T17:09:03.491Z,88,extreme,54,elevated,0.7.5
2026-09-28T17:14:03.673Z,88,extreme,54,elevated,0.7.5
2026-09-28T17:19:16.744Z,88,extreme,54,elevated,0.7.5
2026-09-28T17:24:07.956Z,88,extreme,54,elevated,0.7.5
2026-09-28T17:29:03.738Z,88,extreme,54,elevated,0.7.5
2026-09-28T17:34:07.495Z,88,extreme,54,elevated,0.7.5
2026-09-28T17:39:04.505Z,88,extreme,54,elevated,0.7.5
2026-09-28T17:44:14.801Z,88,extreme,54,elevated,0.7.5
2026-09-28T17:49:08.755Z,88,extreme,54,elevated,0.7.5
2026-09-28T17:54:08.729Z,88,extreme,54,elevated,0.7.5
2026-09-28T17:59:10.025Z,88,extreme,54,elevated,0.7.5
2026-09-28T18:04:13.517Z,88,extreme,54,elevated,0.7.5
2026-09-28T18:09:19.410Z,88,extreme,54,elevated,0.7.5
2026-09-28T18:14:04.544Z,88,extreme,54,elevated,0.7.5
2026-09-28T18:19:04.879Z,88,extreme,54,elevated,0.7.5
2026-09-28T18:24:07.857Z,88,extreme,54,elevated,0.7.5
2026-09-28T18:29:04.992Z,88,extreme,54,elevated,0.7.5
2026-09-28T18:34:08.133Z,88,extreme,54,elevated,0.7.5
2026-09-28T18:39:05.945Z,88,extreme,54,elevated,0.7.5
2026-09-28T18:44:08.437Z,88,extreme,54,elevated,0.7.5
2026-09-28T18:49:06.343Z,88,extreme,54,elevated,0.7.5
2026-09-28T18:54:04.240Z,88,extreme,54,elevated,0.7.5
2026-09-28T18:59:06.578Z,88,extreme,54,elevated,0.7.5
2026-09-28T19:04:05.232Z,88,extreme,54,elevated,0.7.5
2026-09-28T19:09:07.533Z,88,extreme,54,elevated,0.7.5
2026-09-28T19:14:04.871Z,88,extreme,54,elevated,0.7.5
2026-09-28T19:19:08.075Z,88,extreme,54,elevated,0.7.5
2026-09-28T19:24:04.687Z,88,extreme,54,elevated,0.7.5
2026-09-28T19:29:04.075Z,88,extreme,54,elevated,0.7.5
2026-09-28T19:34:05.156Z,88,extreme,54,elevated,0.7.5
2026-09-28T19:39:04.073Z,88,extreme,54,elevated,0.7.5
2026-09-28T19:44:04.040Z,88,extreme,54,elevated,0.7.5
2026-09-28T19:49:03.461Z,88,extreme,54,elevated,0.7.5
2026-09-28T19:54:04.013Z,88,extreme,54,elevated,0.7.5
2026-09-28T19:59:03.932Z,88,extreme,54,elevated,0.7.5
2026-09-28T20:04:04.172Z,88,extreme,54,elevated,0.7.5
2026-09-28T20:09:03.530Z,88,extreme,54,elevated,0.7.5
2026-09-28T20:14:04.143Z,88,extreme,54,elevated,0.7.5
2026-09-28T20:19:03.446Z,88,extreme,54,elevated,0.7.5
2026-09-28T20:24:03.491Z,88,extreme,54,elevated,0.7.5
2026-09-28T20:29:03.902Z,88,extreme,54,elevated,0.7.5
2026-09-28T20:34:04.424Z,88,extreme,54,elevated,0.7.5
2026-09-28T20:39:04.290Z,88,extreme,54,elevated,0.7.5
2026-09-28T20:44:04.700Z,88,extreme,54,elevated,0.7.5
2026-09-28T20:49:03.534Z,88,extreme,54,elevated,0.7.5
2026-09-28T20:54:05.457Z,88,extreme,54,elevated,0.7.5
2026-09-28T20:59:03.880Z,88,extreme,54,elevated,0.7.5
2026-09-28T21:04:06.314Z,88,extreme,54,elevated,0.7.5
2026-09-28T21:09:06.116Z,88,extreme,54,elevated,0.7.5
2026-09-28T21:14:05.698Z,88,extreme,54,elevated,0.7.5
2026-09-28T21:19:06.090Z,88,extreme,54,elevated,0.7.5
2026-09-28T21:24:05.698Z,88,extreme,54,elevated,0.7.5
2026-09-28T21:29:03.974Z,88,extreme,54,elevated,0.7.5
2026-09-28T21:34:03.386Z,88,extreme,54,elevated,0.7.5
2026-09-28T21:39:04.037Z,88,extreme,54,elevated,0.7.5
2026-09-28T21:44:04.216Z,88,extreme,54,elevated,0.7.5
2026-09-28T21:49:03.464Z,88,extreme,54,elevated,0.7.5
2026-09-28T21:54:03.523Z,88,extreme,54,elevated,0.7.5
2026-09-28T21:59:04.502Z,88,extreme,54,elevated,0.7.5
2026-09-28T22:04:05.916Z,88,extreme,54,elevated,0.7.5
2026-09-28T22:09:12.968Z,88,extreme,54,elevated,0.7.5
2026-09-28T22:14:05.459Z,88,extreme,54,elevated,0.7.5
2026-09-28T22:19:05.004Z,88,extreme,54,elevated,0.7.5
2026-09-28T22:24:04.408Z,88,extreme,54,elevated,0.7.5
2026-09-28T22:29:13.190Z,88,extreme,54,elevated,0.7.5
2026-09-28T22:34:07.489Z,88,extreme,54,elevated,0.7.5
2026-09-28T22:39:03.743Z,88,extreme,54,elevated,0.7.5
2026-09-28T22:44:04.647Z,88,extreme,54,elevated,0.7.5
2026-09-28T22:49:08.614Z,88,extreme,54,elevated,0.7.5
2026-09-28T22:54:03.515Z,88,extreme,54,elevated,0.7.5
2026-09-28T22:59:03.657Z,88,extreme,54,elevated,0.7.5
2026-09-28T23:04:09.616Z,88,extreme,54,elevated,0.7.5
2026-09-28T23:09:04.049Z,88,extreme,54,elevated,0.7.5
2026-09-28T23:14:03.595Z,88,extreme,54,elevated,0.7.5
2026-09-28T23:19:03.868Z,88,extreme,54,elevated,0.7.5
2026-09-28T23:24:05.023Z,88,extreme,54,elevated,0.7.5
2026-09-28T23:29:03.647Z,88,extreme,54,elevated,0.7.5
2026-09-28T23:34:04.090Z,88,extreme,54,elevated,0.7.5
2026-09-28T23:39:03.952Z,88,extreme,54,elevated,0.7.5
2026-09-28T23:44:04.393Z,88,extreme,54,elevated,0.7.5
2026-09-28T23:49:03.789Z,88,extreme,54,elevated,0.7.5
2026-09-28T23:54:03.732Z,88,extreme,54,elevated,0.7.5
2026-09-28T23:59:03.918Z,88,extreme,54,elevated,0.7.5
2026-09-29T00:04:04.297Z,88,extreme,54,elevated,0.7.5
2026-09-29T00:09:03.416Z,88,extreme,54,elevated,0.7.5
2026-09-29T00:14:04.104Z,88,extreme,54,elevated,0.7.5
2026-09-29T00:19:04.062Z,88,extreme,54,elevated,0.7.5
2026-09-29T00:24:04.159Z,88,extreme,54,elevated,0.7.5
2026-09-29T00:29:04.365Z,88,extreme,54,elevated,0.7.5
2026-09-29T00:34:03.537Z,88,extreme,54,elevated,0.7.5
2026-09-29T00:39:04.423Z,88,extreme,54,elevated,0.7.5
2026-09-29T00:44:03.972Z,88,extreme,54,elevated,0.7.5
2026-09-29T00:49:03.452Z,88,extreme,54,elevated,0.7.5
2026-09-29T00:54:03.341Z,88,extreme,54,elevated,0.7.5
2026-09-29T00:59:04.258Z,88,extreme,53,elevated,0.7.5
2026-09-29T01:04:06.675Z,88,extreme,53,elevated,0.7.5
2026-09-29T01:09:04.521Z,88,extreme,53,elevated,0.7.5
2026-09-29T01:14:07.972Z,88,extreme,53,elevated,0.7.5
2026-09-29T01:19:09.174Z,88,extreme,53,elevated,0.7.5
2026-09-29T01:24:12.106Z,88,extreme,53,elevated,0.7.5
2026-09-29T01:29:07.752Z,88,extreme,53,elevated,0.7.5
2026-09-29T01:34:07.251Z,88,extreme,53,elevated,0.7.5
2026-09-29T01:39:05.877Z,88,extreme,53,elevated,0.7.5
2026-09-29T01:44:07.260Z,88,extreme,53,elevated,0.7.5
2026-09-29T01:49:10.369Z,88,extreme,53,elevated,0.7.5
2026-09-29T01:54:14.432Z,88,extreme,53,elevated,0.7.5
2026-09-29T01:59:04.815Z,88,extreme,53,elevated,0.7.5
2026-09-29T02:04:06.908Z,88,extreme,53,elevated,0.7.5
2026-09-29T02:09:04.955Z,88,extreme,53,elevated,0.7.5
2026-09-29T02:14:05.665Z,88,extreme,53,elevated,0.7.5
2026-09-29T02:19:04.361Z,88,extreme,53,elevated,0.7.5
2026-09-29T02:24:03.940Z,88,extreme,53,elevated,0.7.5
2026-09-29T02:29:04.166Z,88,extreme,53,elevated,0.7.5
2026-09-29T02:34:03.690Z,88,extreme,53,elevated,0.7.5
2026-09-29T02:39:04.831Z,88,extreme,53,elevated,0.7.5
2026-09-29T02:44:09.846Z,88,extreme,53,elevated,0.7.5
2026-09-29T02:49:06.599Z,88,extreme,53,elevated,0.7.5
2026-09-29T02:54:05.561Z,88,extreme,53,elevated,0.7.5
2026-09-29T02:59:04.010Z,88,extreme,53,elevated,0.7.5
2026-09-29T03:04:10.181Z,88,extreme,53,elevated,0.7.5
2026-09-29T03:09:06.670Z,88,extreme,53,elevated,0.7.5
2026-09-29T03:14:04.189Z,88,extreme,53,elevated,0.7.5
2026-09-29T03:19:03.582Z,88,extreme,53,elevated,0.7.5
2026-09-29T03:24:12.548Z,88,extreme,53,elevated,0.7.5
2026-09-29T03:29:03.741Z,88,extreme,53,elevated,0.7.5
2026-09-29T03:34:05.007Z,88,extreme,53,elevated,0.7.5
2026-09-29T03:39:07.742Z,88,extreme,53,elevated,0.7.5
2026-09-29T03:44:05.278Z,88,extreme,53,elevated,0.7.5
2026-09-29T03:49:06.532Z,88,extreme,53,elevated,0.7.5
2026-09-29T03:54:03.413Z,88,extreme,53,elevated,0.7.5
2026-09-29T03:59:03.305Z,88,extreme,53,elevated,0.7.5
2026-09-29T04:04:05.767Z,88,extreme,53,elevated,0.7.5
2026-09-29T04:09:03.994Z,88,extreme,53,elevated,0.7.5
2026-09-29T04:14:06.084Z,88,extreme,53,elevated,0.7.5
2026-09-29T04:19:04.432Z,88,extreme,53,elevated,0.7.5
2026-09-29T04:24:04.100Z,88,extreme,53,elevated,0.7.5
2026-09-29T04:29:04.590Z,88,extreme,53,elevated,0.7.5
2026-09-29T04:34:07.503Z,88,extreme,53,elevated,0.7.5
2026-09-29T04:39:03.878Z,88,extreme,53,elevated,0.7.5
2026-09-29T04:44:04.903Z,88,extreme,53,elevated,0.7.5
2026-09-29T04:49:08.515Z,88,extreme,53,elevated,0.7.5
2026-09-29T04:54:03.463Z,88,extreme,53,elevated,0.7.5
2026-09-29T04:59:07.385Z,88,extreme,53,elevated,0.7.5
2026-09-29T05:04:06.709Z,88,extreme,53,elevated,0.7.5
2026-09-29T05:09:05.911Z,88,extreme,53,elevated,0.7.5
2026-09-29T05:14:03.368Z,88,extreme,53,elevated,0.7.5
2026-09-29T05:19:04.979Z,88,extreme,53,elevated,0.7.5
2026-09-29T05:24:05.194Z,88,extreme,53,elevated,0.7.5
2026-09-29T05:29:03.237Z,88,extreme,53,elevated,0.7.5
2026-09-29T05:34:06.227Z,88,extreme,53,elevated,0.7.5
2026-09-29T05:39:03.525Z,88,extreme,53,elevated,0.7.5
2026-09-29T05:44:12.758Z,88,extreme,53,elevated,0.7.5
2026-09-29T05:49:10.115Z,88,extreme,53,elevated,0.7.5
2026-09-29T05:54:04.514Z,88,extreme,53,elevated,0.7.5
2026-09-29T05:59:05.216Z,88,extreme,53,elevated,0.7.5
2026-09-29T06:04:04.150Z,88,extreme,53,elevated,0.7.5
2026-09-29T06:09:09.930Z,88,extreme,53,elevated,0.7.5
2026-09-29T06:14:09.911Z,88,extreme,52,elevated,0.7.5
2026-09-29T06:19:08.511Z,88,extreme,52,elevated,0.7.5
2026-09-29T06:24:06.367Z,88,extreme,52,elevated,0.7.5
2026-09-29T06:29:03.956Z,88,extreme,52,elevated,0.7.5
2026-09-29T06:34:08.520Z,88,extreme,52,elevated,0.7.5
2026-09-29T06:39:04.140Z,88,extreme,52,elevated,0.7.5
2026-09-29T06:44:10.474Z,88,extreme,52,elevated,0.7.5
2026-09-29T06:49:07.420Z,88,extreme,52,elevated,0.7.5
2026-09-29T06:54:03.892Z,88,extreme,52,elevated,0.7.5
2026-09-29T06:59:09.157Z,88,extreme,52,elevated,0.7.5
2026-09-29T07:04:04.410Z,88,extreme,52,elevated,0.7.5
2026-09-29T07:09:03.299Z,88,extreme,52,elevated,0.7.5
2026-09-29T07:14:03.744Z,88,extreme,52,elevated,0.7.5
2026-09-29T07:19:04.781Z,88,extreme,52,elevated,0.7.5
2026-09-29T07:24:04.450Z,88,extreme,52,elevated,0.7.5
2026-09-29T07:29:04.397Z,88,extreme,52,elevated,0.7.5
2026-09-29T07:34:13.366Z,88,extreme,52,elevated,0.7.5
2026-09-29T07:39:03.323Z,88,extreme,52,elevated,0.7.5
2026-09-29T07:44:03.312Z,88,extreme,52,elevated,0.7.5
2026-09-29T07:49:03.932Z,88,extreme,52,elevated,0.7.5
2026-09-29T07:54:03.547Z,88,extreme,52,elevated,0.7.5
2026-09-29T07:59:03.322Z,88,extreme,52,elevated,0.7.5
2026-09-29T08:04:07.105Z,88,extreme,52,elevated,0.7.5
2026-09-29T08:09:05.573Z,88,extreme,52,elevated,0.7.5
2026-09-29T08:14:05.094Z,88,extreme,52,elevated,0.7.5
2026-09-29T08:19:07.183Z,88,extreme,52,elevated,0.7.5
2026-09-29T08:24:05.514Z,88,extreme,52,elevated,0.7.5
2026-09-29T08:29:04.170Z,88,extreme,52,elevated,0.7.5
2026-09-29T08:34:11.630Z,88,extreme,52,elevated,0.7.5
2026-09-29T08:39:04.881Z,88,extreme,52,elevated,0.7.5
2026-09-29T08:44:10.729Z,88,extreme,52,elevated,0.7.5
2026-09-29T08:49:09.490Z,88,extreme,52,elevated,0.7.5
2026-09-29T08:54:04.254Z,88,extreme,52,elevated,0.7.5
2026-09-29T08:59:05.004Z,88,extreme,52,elevated,0.7.5
2026-09-29T09:04:04.466Z,88,extreme,52,elevated,0.7.5
2026-09-29T09:09:07.296Z,88,extreme,52,elevated,0.7.5
2026-09-29T09:14:04.030Z,88,extreme,52,elevated,0.7.5
2026-09-29T09:19:03.555Z,88,extreme,52,elevated,0.7.5
2026-09-29T09:24:03.517Z,88,extreme,52,elevated,0.7.5
2026-09-29T09:29:04.202Z,88,extreme,52,elevated,0.7.5
2026-09-29T09:34:04.516Z,88,extreme,52,elevated,0.7.5
2026-09-29T09:39:05.411Z,88,extreme,52,elevated,0.7.5
2026-09-29T09:44:03.899Z,88,extreme,52,elevated,0.7.5
2026-09-29T09:49:03.976Z,88,extreme,52,elevated,0.7.5
2026-09-29T09:54:03.637Z,88,extreme,52,elevated,0.7.5
2026-09-29T09:59:04.674Z,88,extreme,52,elevated,0.7.5
2026-09-29T10:04:04.293Z,88,extreme,52,elevated,0.7.5
2026-09-29T10:09:03.991Z,88,extreme,52,elevated,0.7.5
2026-09-29T10:14:04.038Z,88,extreme,52,elevated,0.7.5
2026-09-29T10:19:04.544Z,88,extreme,52,elevated,0.7.5
2026-09-29T10:24:03.581Z,88,extreme,52,elevated,0.7.5
2026-09-29T10:29:04.291Z,88,extreme,52,elevated,0.7.5
2026-09-29T10:34:03.441Z,88,extreme,52,elevated,0.7.5
2026-09-29T10:39:03.584Z,88,extreme,52,elevated,0.7.5
2026-09-29T10:44:04.184Z,88,extreme,52,elevated,0.7.5
2026-09-29T10:49:05.074Z,88,extreme,52,elevated,0.7.5
2026-09-29T10:54:03.609Z,88,extreme,52,elevated,0.7.5
2026-09-29T10:59:03.360Z,88,extreme,52,elevated,0.7.5
2026-09-29T11:04:05.886Z,88,extreme,52,elevated,0.7.5
2026-09-29T11:09:07.228Z,88,extreme,52,elevated,0.7.5
2026-09-29T11:14:08.700Z,88,extreme,52,elevated,0.7.5
2026-09-29T11:19:05.558Z,88,extreme,52,elevated,0.7.5
2026-09-29T11:24:04.903Z,88,extreme,52,elevated,0.7.5
2026-09-29T11:29:05.066Z,88,extreme,52,elevated,0.7.5
2026-09-29T11:34:04.133Z,88,extreme,52,elevated,0.7.5
2026-09-29T11:39:03.669Z,88,extreme,52,elevated,0.7.5
2026-09-29T11:44:04.471Z,88,extreme,52,elevated,0.7.5
2026-09-29T11:49:04.047Z,88,extreme,52,elevated,0.7.5
2026-09-29T11:54:03.604Z,88,extreme,52,elevated,0.7.5
2026-09-29T11:59:04.086Z,88,extreme,51,elevated,0.7.5
2026-09-29T12:04:05.565Z,88,extreme,51,elevated,0.7.5
2026-09-29T12:09:14.108Z,88,extreme,51,elevated,0.7.5
2026-09-29T12:14:08.837Z,88,extreme,51,elevated,0.7.5
2026-09-29T12:19:07.594Z,88,extreme,51,elevated,0.7.5
2026-09-29T12:24:09.860Z,88,extreme,51,elevated,0.7.5
2026-09-29T12:29:09.206Z,88,extreme,51,elevated,0.7.5
2026-09-29T12:34:08.104Z,88,extreme,51,elevated,0.7.5
2026-09-29T12:39:06.859Z,88,extreme,51,elevated,0.7.5
2026-09-29T12:44:11.763Z,88,extreme,51,elevated,0.7.5
2026-09-29T12:49:06.389Z,88,extreme,51,elevated,0.7.5
2026-09-29T12:54:04.032Z,88,extreme,51,elevated,0.7.5
2026-09-29T12:59:08.529Z,88,extreme,53,elevated,0.7.5
2026-09-29T13:04:03.918Z,88,extreme,53,elevated,0.7.5
2026-09-29T13:09:13.948Z,88,extreme,53,elevated,0.7.5
2026-09-29T13:14:17.010Z,88,extreme,53,elevated,0.7.5
2026-09-29T13:19:11.237Z,88,extreme,53,elevated,0.7.5
2026-09-29T13:24:06.523Z,88,extreme,53,elevated,0.7.5
2026-09-29T13:29:06.799Z,88,extreme,53,elevated,0.7.5
2026-09-29T13:34:06.769Z,88,extreme,53,elevated,0.7.5
2026-09-29T13:39:12.670Z,88,extreme,53,elevated,0.7.5
2026-09-29T13:44:07.851Z,88,extreme,53,elevated,0.7.5
2026-09-29T13:49:04.370Z,88,extreme,53,elevated,0.7.5
2026-09-29T13:54:13.734Z,88,extreme,53,elevated,0.7.5
2026-09-29T13:59:11.150Z,88,extreme,53,elevated,0.7.5
2026-09-29T14:04:06.147Z,88,extreme,53,elevated,0.7.5
2026-09-29T14:09:04.328Z,88,extreme,53,elevated,0.7.5
2026-09-29T14:14:07.964Z,88,extreme,53,elevated,0.7.5
2026-09-29T14:19:14.298Z,88,extreme,53,elevated,0.7.5
2026-09-29T14:24:12.476Z,88,extreme,53,elevated,0.7.5
2026-09-29T14:29:04.765Z,88,extreme,53,elevated,0.7.5
2026-09-29T14:34:08.534Z,88,extreme,53,elevated,0.7.5
2026-09-29T14:39:04.498Z,88,extreme,53,elevated,0.7.6
2026-09-29T14:44:07.845Z,88,extreme,53,elevated,0.7.6
2026-09-29T14:49:05.739Z,88,extreme,53,elevated,0.7.6
2026-09-29T14:54:05.239Z,88,extreme,53,elevated,0.7.6
2026-09-29T14:59:11.509Z,88,extreme,53,elevated,0.7.6
2026-09-29T15:04:04.749Z,88,extreme,53,elevated,0.7.6
2026-09-29T15:09:04.142Z,88,extreme,53,elevated,0.7.6
2026-09-29T15:14:10.786Z,88,extreme,53,elevated,0.7.6
2026-09-29T15:19:06.657Z,88,extreme,53,elevated,0.7.6
2026-09-29T15:24:04.216Z,88,extreme,53,elevated,0.7.6
2026-09-29T15:29:03.840Z,88,extreme,53,elevated,0.7.6
2026-09-29T15:34:03.897Z,88,extreme,53,elevated,0.7.6
2026-09-29T15:39:03.825Z,88,extreme,53,elevated,0.7.6
2026-09-29T15:44:04.077Z,88,extreme,53,elevated,0.7.6
2026-09-29T15:49:04.493Z,88,extreme,53,elevated,0.7.6
2026-09-29T15:54:04.909Z,88,extreme,53,elevated,0.7.6
2026-09-29T15:59:03.998Z,88,extreme,53,elevated,0.7.6
2026-09-29T16:04:03.968Z,88,extreme,53,elevated,0.7.6
2026-09-29T16:09:03.814Z,88,extreme,53,elevated,0.7.6
2026-09-29T16:14:04.349Z,88,extreme,53,elevated,0.7.6
2026-09-29T16:19:04.641Z,88,extreme,53,elevated,0.7.6
2026-09-29T16:24:03.411Z,88,extreme,53,elevated,0.7.6
2026-09-29T16:29:04.207Z,88,extreme,53,elevated,0.7.6
2026-09-29T16:34:03.857Z,88,extreme,53,elevated,0.7.6
2026-09-29T16:39:03.664Z,88,extreme,53,elevated,0.7.6
2026-09-29T16:44:03.689Z,88,extreme,53,elevated,0.7.6
2026-09-29T16:49:03.728Z,88,extreme,53,elevated,0.7.6
2026-09-29T16:54:03.265Z,88,extreme,53,elevated,0.7.6
2026-09-29T16:59:03.400Z,88,extreme,53,elevated,0.7.6
2026-09-29T17:04:03.683Z,88,extreme,53,elevated,0.7.6
2026-09-29T17:09:04.050Z,88,extreme,53,elevated,0.7.6
2026-09-29T17:14:03.608Z,88,extreme,53,elevated,0.7.6
2026-09-29T17:19:03.314Z,88,extreme,53,elevated,0.7.6
2026-09-29T17:24:05.203Z,88,extreme,53,elevated,0.7.6
2026-09-29T17:29:04.034Z,88,extreme,53,elevated,0.7.6
2026-09-29T17:34:03.594Z,88,extreme,53,elevated,0.7.6
2026-09-29T17:39:04.039Z,88,extreme,53,elevated,0.7.6
2026-09-29T17:44:06.217Z,88,extreme,53,elevated,0.7.6
2026-09-29T17:49:04.195Z,88,extreme,53,elevated,0.7.6
2026-09-29T17:54:04.342Z,88,extreme,53,elevated,0.7.6
2026-09-29T17:59:04.415Z,88,extreme,53,elevated,0.7.6
2026-09-29T18:04:04.254Z,88,extreme,53,elevated,0.7.6
2026-09-29T18:09:05.068Z,88,extreme,53,elevated,0.7.6
2026-09-29T18:14:04.229Z,88,extreme,53,elevated,0.7.6
2026-09-29T18:19:04.343Z,88,extreme,53,elevated,0.7.6
2026-09-29T18:24:03.358Z,88,extreme,53,elevated,0.7.6
2026-09-29T18:29:04.082Z,88,extreme,53,elevated,0.7.6
2026-09-29T18:34:04.199Z,88,extreme,53,elevated,0.7.6
2026-09-29T18:39:03.384Z,88,extreme,53,elevated,0.7.6
2026-09-29T18:44:04.318Z,88,extreme,53,elevated,0.7.6
2026-09-29T18:49:03.468Z,88,extreme,53,elevated,0.7.6
2026-09-29T18:54:04.016Z,88,extreme,53,elevated,0.7.6
2026-09-29T18:59:03.382Z,88,extreme,53,elevated,0.7.6
2026-09-29T19:04:03.971Z,88,extreme,54,elevated,0.7.6
2026-09-29T19:09:03.595Z,88,extreme,54,elevated,0.7.6
2026-09-29T19:14:04.237Z,88,extreme,54,elevated,0.7.6
2026-09-29T19:19:04.139Z,88,extreme,54,elevated,0.7.6
2026-09-29T19:24:03.417Z,88,extreme,54,elevated,0.7.6
2026-09-29T19:29:03.741Z,88,extreme,54,elevated,0.7.6
2026-09-29T19:34:03.624Z,88,extreme,54,elevated,0.7.6
2026-09-29T19:39:04.261Z,88,extreme,54,elevated,0.7.6
2026-09-29T19:44:03.840Z,88,extreme,54,elevated,0.7.6
2026-09-29T19:49:03.542Z,88,extreme,54,elevated,0.7.6
2026-09-29T19:54:03.441Z,88,extreme,54,elevated,0.7.6
2026-09-29T19:59:03.840Z,88,extreme,54,elevated,0.7.6
2026-09-29T20:04:04.396Z,88,extreme,54,elevated,0.7.6
2026-09-29T20:09:03.944Z,88,extreme,54,elevated,0.7.6
2026-09-29T20:14:04.548Z,88,extreme,54,elevated,0.7.6
2026-09-29T20:19:03.961Z,88,extreme,54,elevated,0.7.6
2026-09-29T20:24:03.403Z,88,extreme,54,elevated,0.7.6
2026-09-29T20:29:03.331Z,88,extreme,54,elevated,0.7.6
2026-09-29T20:34:04.326Z,88,extreme,54,elevated,0.7.6
2026-09-29T20:39:04.391Z,88,extreme,54,elevated,0.7.6
2026-09-29T20:44:03.756Z,88,extreme,54,elevated,0.7.6
2026-09-29T20:49:03.847Z,88,extreme,54,elevated,0.7.6
2026-09-29T20:54:04.438Z,88,extreme,54,elevated,0.7.6
2026-09-29T20:59:04.064Z,88,extreme,54,elevated,0.7.6
2026-09-29T21:04:04.099Z,88,extreme,54,elevated,0.7.6
2026-09-29T21:09:04.304Z,88,extreme,54,elevated,0.7.6
2026-09-29T21:14:03.737Z,88,extreme,54,elevated,0.7.6
2026-09-29T21:19:04.713Z,88,extreme,54,elevated,0.7.6
2026-09-29T21:24:03.957Z,88,extreme,54,elevated,0.7.6
2026-09-29T21:29:04.676Z,88,extreme,54,elevated,0.7.6
2026-09-29T21:34:04.137Z,88,extreme,54,elevated,0.7.6
2026-09-29T21:39:03.359Z,88,extreme,54,elevated,0.7.6
2026-09-29T21:44:03.903Z,88,extreme,54,elevated,0.7.6
2026-09-29T21:49:04.250Z,88,extreme,54,elevated,0.7.6
2026-09-29T21:54:03.920Z,88,extreme,54,elevated,0.7.6
2026-09-29T21:59:04.044Z,88,extreme,54,elevated,0.7.6
2026-09-29T22:04:10.212Z,88,extreme,54,elevated,0.7.6
2026-09-29T22:09:08.152Z,88,extreme,54,elevated,0.7.6
2026-09-29T22:14:05.460Z,88,extreme,54,elevated,0.7.6
2026-09-29T22:19:13.335Z,88,extreme,54,elevated,0.7.6
2026-09-29T22:24:05.813Z,88,extreme,54,elevated,0.7.6
2026-09-29T22:29:10.265Z,88,extreme,54,elevated,0.7.6
2026-09-29T22:34:08.925Z,88,extreme,54,elevated,0.7.6
2026-09-29T22:39:12.613Z,88,extreme,54,elevated,0.7.6
2026-09-29T22:44:04.093Z,88,extreme,53,elevated,0.7.6
2026-09-29T22:49:05.097Z,88,extreme,53,elevated,0.7.6
2026-09-29T22:54:03.476Z,88,extreme,53,elevated,0.7.6
2026-09-29T22:59:03.879Z,88,extreme,53,elevated,0.7.6
2026-09-29T23:04:03.943Z,88,extreme,53,elevated,0.7.6
2026-09-29T23:09:03.258Z,88,extreme,53,elevated,0.7.6
2026-09-29T23:14:03.430Z,88,extreme,53,elevated,0.7.6
2026-09-29T23:19:03.229Z,88,extreme,53,elevated,0.7.6
2026-09-29T23:24:03.374Z,88,extreme,53,elevated,0.7.6
2026-09-29T23:29:03.857Z,88,extreme,53,elevated,0.7.6
2026-09-29T23:34:03.293Z,88,extreme,53,elevated,0.7.6
2026-09-29T23:39:04.350Z,88,extreme,53,elevated,0.7.6
2026-09-29T23:44:04.056Z,88,extreme,53,elevated,0.7.6
2026-09-29T23:49:03.809Z,88,extreme,53,elevated,0.7.6
2026-09-29T23:54:03.342Z,88,extreme,53,elevated,0.7.6
2026-09-29T23:59:03.485Z,88,extreme,53,elevated,0.7.6
2026-09-30T00:04:03.837Z,88,extreme,53,elevated,0.7.6
2026-09-30T00:09:03.398Z,88,extreme,53,elevated,0.7.6
2026-09-30T00:14:03.408Z,88,extreme,53,elevated,0.7.6
2026-09-30T00:19:03.944Z,88,extreme,53,elevated,0.7.6
2026-09-30T00:24:03.988Z,88,extreme,53,elevated,0.7.6
2026-09-30T00:29:03.976Z,88,extreme,54,elevated,0.7.6
2026-09-30T00:34:05.255Z,88,extreme,54,elevated,0.7.6
2026-09-30T00:39:03.935Z,88,extreme,54,elevated,0.7.6
2026-09-30T00:44:04.551Z,88,extreme,54,elevated,0.7.6
2026-09-30T00:49:05.380Z,88,extreme,54,elevated,0.7.6
2026-09-30T00:54:03.202Z,88,extreme,54,elevated,0.7.6
2026-09-30T00:59:04.780Z,88,extreme,54,elevated,0.7.6
2026-09-30T01:04:04.735Z,88,extreme,54,elevated,0.7.6
2026-09-30T01:09:03.964Z,88,extreme,54,elevated,0.7.6
2026-09-30T01:14:04.350Z,88,extreme,54,elevated,0.7.6
2026-09-30T01:19:04.092Z,88,extreme,54,elevated,0.7.6
2026-09-30T01:24:03.916Z,88,extreme,54,elevated,0.7.6
2026-09-30T01:29:04.418Z,88,extreme,54,elevated,0.7.6
2026-09-30T01:34:03.440Z,88,extreme,54,elevated,0.7.6
2026-09-30T01:39:03.994Z,88,extreme,54,elevated,0.7.6
2026-09-30T01:44:04.613Z,88,extreme,54,elevated,0.7.6
2026-09-30T01:49:04.130Z,88,extreme,54,elevated,0.7.6
2026-09-30T01:54:03.469Z,88,extreme,54,elevated,0.7.6
2026-09-30T01:59:03.971Z,88,extreme,54,elevated,0.7.6
2026-09-30T02:04:05.907Z,88,extreme,54,elevated,0.7.6
2026-09-30T02:09:12.785Z,88,extreme,54,elevated,0.7.6
2026-09-30T02:14:04.308Z,88,extreme,54,elevated,0.7.6
2026-09-30T02:19:15.336Z,88,extreme,54,elevated,0.7.6
2026-09-30T02:24:04.431Z,88,extreme,54,elevated,0.7.6
2026-09-30T02:29:04.253Z,88,extreme,54,elevated,0.7.6
2026-09-30T02:34:09.046Z,88,extreme,54,elevated,0.7.6
2026-09-30T02:39:04.892Z,88,extreme,54,elevated,0.7.6
2026-09-30T02:44:06.834Z,88,extreme,54,elevated,0.7.6
2026-09-30T02:49:14.121Z,88,extreme,54,elevated,0.7.6
2026-09-30T02:54:11.900Z,88,extreme,54,elevated,0.7.6
2026-09-30T02:59:03.902Z,88,extreme,54,elevated,0.7.6
2026-09-30T03:04:05.371Z,88,extreme,54,elevated,0.7.6
2026-09-30T03:09:03.312Z,88,extreme,54,elevated,0.7.6
2026-09-30T03:14:03.661Z,88,extreme,54,elevated,0.7.6
2026-09-30T03:19:03.362Z,88,extreme,54,elevated,0.7.6
2026-09-30T03:24:03.647Z,88,extreme,54,elevated,0.7.6
2026-09-30T03:29:04.033Z,88,extreme,54,elevated,0.7.6
2026-09-30T03:34:03.908Z,88,extreme,54,elevated,0.7.6
2026-09-30T03:39:03.276Z,88,extreme,54,elevated,0.7.6
2026-09-30T03:44:04.165Z,88,extreme,54,elevated,0.7.6
2026-09-30T03:49:03.302Z,88,extreme,54,elevated,0.7.6
2026-09-30T03:54:03.387Z,88,extreme,54,elevated,0.7.6
2026-09-30T03:59:03.567Z,88,extreme,54,elevated,0.7.6
2026-09-30T04:04:05.676Z,88,extreme,54,elevated,0.7.6
2026-09-30T04:09:03.834Z,88,extreme,54,elevated,0.7.6
2026-09-30T04:14:03.484Z,88,extreme,54,elevated,0.7.6
2026-09-30T04:19:03.510Z,88,extreme,54,elevated,0.7.6
2026-09-30T04:24:03.216Z,88,extreme,54,elevated,0.7.6
2026-09-30T04:29:04.163Z,88,extreme,54,elevated,0.7.6
2026-09-30T04:34:06.550Z,88,extreme,54,elevated,0.7.6
2026-09-30T04:39:03.341Z,88,extreme,54,elevated,0.7.6
2026-09-30T04:44:10.589Z,88,extreme,54,elevated,0.7.6
2026-09-30T04:49:04.252Z,88,extreme,54,elevated,0.7.6
2026-09-30T04:54:05.523Z,88,extreme,54,elevated,0.7.6
2026-09-30T04:59:03.974Z,88,extreme,54,elevated,0.7.6
2026-09-30T05:04:07.890Z,88,extreme,54,elevated,0.7.6
2026-09-30T05:09:09.571Z,88,extreme,54,elevated,0.7.6
2026-09-30T05:14:08.555Z,88,extreme,54,elevated,0.7.6
2026-09-30T05:19:05.703Z,88,extreme,54,elevated,0.7.6
2026-09-30T05:24:06.908Z,88,extreme,54,elevated,0.7.6
2026-09-30T05:29:03.382Z,88,extreme,54,elevated,0.7.6
2026-09-30T05:34:04.408Z,88,extreme,54,elevated,0.7.6
2026-09-30T05:39:03.452Z,88,extreme,54,elevated,0.7.6
2026-09-30T05:44:04.643Z,88,extreme,54,elevated,0.7.6
2026-09-30T05:49:03.989Z,88,extreme,54,elevated,0.7.6
2026-09-30T05:54:05.554Z,88,extreme,54,elevated,0.7.6
2026-09-30T05:59:03.830Z,88,extreme,54,elevated,0.7.6
2026-09-30T06:04:05.650Z,88,extreme,54,elevated,0.7.6
2026-09-30T06:09:03.341Z,88,extreme,54,elevated,0.7.6
2026-09-30T06:14:03.417Z,88,extreme,54,elevated,0.7.6
2026-09-30T06:19:03.397Z,88,extreme,54,elevated,0.7.6
2026-09-30T06:24:03.211Z,88,extreme,54,elevated,0.7.6
2026-09-30T06:29:03.462Z,88,extreme,54,elevated,0.7.6
2026-09-30T06:34:03.859Z,88,extreme,54,elevated,0.7.6
2026-09-30T06:39:03.269Z,88,extreme,54,elevated,0.7.6
2026-09-30T06:44:04.916Z,88,extreme,54,elevated,0.7.6
2026-09-30T06:49:03.859Z,88,extreme,54,elevated,0.7.6
2026-09-30T06:54:04.134Z,88,extreme,54,elevated,0.7.6
2026-09-30T06:59:04.036Z,88,extreme,54,elevated,0.7.6
2026-09-30T07:04:05.788Z,88,extreme,54,elevated,0.7.6
2026-09-30T07:09:03.387Z,88,extreme,54,elevated,0.7.6
2026-09-30T07:14:03.526Z,88,extreme,54,elevated,0.7.6
2026-09-30T07:19:03.930Z,88,extreme,54,elevated,0.7.6
2026-09-30T07:24:03.317Z,88,extreme,54,elevated,0.7.6
2026-09-30T07:29:04.459Z,88,extreme,54,elevated,0.7.6
2026-09-30T07:34:03.805Z,88,extreme,54,elevated,0.7.6
2026-09-30T07:39:03.885Z,88,extreme,54,elevated,0.7.6
2026-09-30T07:44:03.329Z,88,extreme,54,elevated,0.7.6
2026-09-30T07:49:04.080Z,88,extreme,54,elevated,0.7.6
2026-09-30T07:54:04.254Z,88,extreme,54,elevated,0.7.6
2026-09-30T07:59:03.903Z,88,extreme,54,elevated,0.7.6
2026-09-30T08:04:03.947Z,88,extreme,54,elevated,0.7.6
2026-09-30T08:09:09.483Z,88,extreme,54,elevated,0.7.6
2026-09-30T08:14:05.177Z,88,extreme,54,elevated,0.7.6
2026-09-30T08:19:03.810Z,88,extreme,54,elevated,0.7.6
2026-09-30T08:24:05.729Z,88,extreme,54,elevated,0.7.6
2026-09-30T08:29:13.499Z,88,extreme,54,elevated,0.7.6
2026-09-30T08:34:03.343Z,88,extreme,54,elevated,0.7.6
2026-09-30T08:39:11.704Z,88,extreme,54,elevated,0.7.6
2026-09-30T08:44:07.684Z,88,extreme,54,elevated,0.7.6
2026-09-30T08:49:06.045Z,88,extreme,54,elevated,0.7.6
2026-09-30T08:54:05.417Z,88,extreme,54,elevated,0.7.6
2026-09-30T08:59:05.556Z,88,extreme,54,elevated,0.7.6
2026-09-30T09:04:08.997Z,88,extreme,54,elevated,0.7.6
2026-09-30T09:09:06.512Z,88,extreme,54,elevated,0.7.6
2026-09-30T09:14:09.590Z,88,extreme,54,elevated,0.7.6
2026-09-30T09:19:04.578Z,88,extreme,54,elevated,0.7.6
2026-09-30T09:24:13.027Z,88,extreme,54,elevated,0.7.6
2026-09-30T09:29:05.762Z,88,extreme,54,elevated,0.7.6
2026-09-30T09:34:08.096Z,88,extreme,54,elevated,0.7.6
2026-09-30T09:39:09.424Z,88,extreme,54,elevated,0.7.6
2026-09-30T09:44:04.871Z,88,extreme,54,elevated,0.7.6
2026-09-30T09:49:04.748Z,88,extreme,54,elevated,0.7.6
2026-09-30T09:54:04.513Z,88,extreme,54,elevated,0.7.6
2026-09-30T09:59:03.628Z,88,extreme,54,elevated,0.7.6
2026-09-30T10:04:06.703Z,88,extreme,54,elevated,0.7.6
2026-09-30T10:09:06.099Z,88,extreme,54,elevated,0.7.6
2026-09-30T10:14:03.721Z,88,extreme,54,elevated,0.7.6
2026-09-30T10:19:08.403Z,88,extreme,54,elevated,0.7.6
2026-09-30T10:24:03.821Z,88,extreme,54,elevated,0.7.6
2026-09-30T10:29:03.641Z,88,extreme,54,elevated,0.7.6
2026-09-30T10:34:09.090Z,88,extreme,54,elevated,0.7.6
2026-09-30T10:39:04.829Z,88,extreme,54,elevated,0.7.6
2026-09-30T10:44:03.902Z,88,extreme,54,elevated,0.7.6
2026-09-30T10:49:03.216Z,88,extreme,53,elevated,0.7.6
2026-09-30T10:54:04.726Z,88,extreme,53,elevated,0.7.6
2026-09-30T10:59:03.897Z,88,extreme,53,elevated,0.7.6
2026-09-30T11:04:04.227Z,88,extreme,53,elevated,0.7.6
2026-09-30T11:09:05.761Z,88,extreme,53,elevated,0.7.6
2026-09-30T11:14:07.306Z,88,extreme,53,elevated,0.7.6
2026-09-30T11:19:07.676Z,88,extreme,53,elevated,0.7.6
2026-09-30T11:24:08.444Z,88,extreme,53,elevated,0.7.6
2026-09-30T11:29:09.999Z,88,extreme,53,elevated,0.7.6
2026-09-30T11:34:08.632Z,88,extreme,53,elevated,0.7.6
2026-09-30T11:39:08.442Z,88,extreme,53,elevated,0.7.6
2026-09-30T11:44:12.761Z,88,extreme,53,elevated,0.7.6
2026-09-30T11:49:09.894Z,88,extreme,53,elevated,0.7.6
2026-09-30T11:54:09.002Z,88,extreme,53,elevated,0.7.6
2026-09-30T11:59:04.441Z,88,extreme,53,elevated,0.7.6
2026-09-30T12:04:10.000Z,88,extreme,53,elevated,0.7.6
2026-09-30T12:09:12.632Z,88,extreme,53,elevated,0.7.6
2026-09-30T12:14:07.598Z,88,extreme,53,elevated,0.7.6
2026-09-30T12:19:06.158Z,88,extreme,53,elevated,0.7.6
2026-09-30T12:24:06.550Z,88,extreme,53,elevated,0.7.6
2026-09-30T12:29:07.119Z,88,extreme,53,elevated,0.7.6
2026-09-30T12:34:04.917Z,88,extreme,53,elevated,0.7.6
2026-09-30T12:39:05.628Z,88,extreme,53,elevated,0.7.6
2026-09-30T12:44:11.574Z,88,extreme,53,elevated,0.7.6
2026-09-30T12:49:05.689Z,88,extreme,53,elevated,0.7.6
2026-09-30T12:54:10.310Z,88,extreme,53,elevated,0.7.6
2026-09-30T12:59:04.846Z,88,extreme,53,elevated,0.7.6
2026-09-30T13:04:09.392Z,88,extreme,53,elevated,0.7.6
2026-09-30T13:09:06.863Z,88,extreme,53,elevated,0.7.6
2026-09-30T13:14:12.074Z,88,extreme,53,elevated,0.7.6
2026-09-30T13:19:05.711Z,88,extreme,53,elevated,0.7.6
2026-09-30T13:24:11.428Z,88,extreme,53,elevated,0.7.6
2026-09-30T13:29:04.068Z,88,extreme,53,elevated,0.7.6
2026-09-30T13:34:07.377Z,88,extreme,53,elevated,0.7.6
2026-09-30T13:39:08.080Z,88,extreme,53,elevated,0.7.6
2026-09-30T13:44:05.254Z,88,extreme,53,elevated,0.7.6
2026-09-30T13:49:04.834Z,88,extreme,53,elevated,0.7.6
2026-09-30T13:54:06.366Z,88,extreme,53,elevated,0.7.6
2026-09-30T13:59:10.520Z,88,extreme,53,elevated,0.7.6
2026-09-30T14:04:04.139Z,88,extreme,53,elevated,0.7.6
2026-09-30T14:09:04.375Z,88,extreme,53,elevated,0.7.6
2026-09-30T14:14:04.097Z,88,extreme,53,elevated,0.7.6
2026-09-30T14:19:03.220Z,88,extreme,53,elevated,0.7.6
2026-09-30T14:24:04.135Z,88,extreme,53,elevated,0.7.6
2026-09-30T14:29:03.741Z,88,extreme,53,elevated,0.7.6
2026-09-30T14:34:04.043Z,88,extreme,53,elevated,0.7.6
2026-09-30T14:39:03.510Z,88,extreme,53,elevated,0.7.6
2026-09-30T14:44:04.756Z,88,extreme,53,elevated,0.7.6
2026-09-30T14:49:04.105Z,88,extreme,53,elevated,0.7.6
2026-09-30T14:54:04.075Z,88,extreme,53,elevated,0.7.6
2026-09-30T14:59:04.293Z,88,extreme,53,elevated,0.7.6
2026-09-30T15:04:07.557Z,88,extreme,53,elevated,0.7.6
2026-09-30T15:09:10.852Z,88,extreme,53,elevated,0.7.6
2026-09-30T15:14:11.184Z,88,extreme,53,elevated,0.7.6
2026-09-30T15:19:03.410Z,88,extreme,53,elevated,0.7.6
2026-09-30T15:24:12.596Z,88,extreme,53,elevated,0.7.6
2026-09-30T15:29:05.134Z,88,extreme,53,elevated,0.7.6
2026-09-30T15:34:10.377Z,88,extreme,53,elevated,0.7.6
2026-09-30T15:39:08.342Z,88,extreme,53,elevated,0.7.6
2026-09-30T15:44:09.557Z,88,extreme,53,elevated,0.7.6
2026-09-30T15:49:12.222Z,88,extreme,53,elevated,0.7.6
2026-09-30T15:54:08.077Z,88,extreme,53,elevated,0.7.6
2026-09-30T15:59:04.028Z,88,extreme,53,elevated,0.7.6
2026-09-30T16:04:11.293Z,88,extreme,53,elevated,0.7.6
2026-09-30T16:09:06.997Z,88,extreme,53,elevated,0.7.6
2026-09-30T16:14:10.922Z,88,extreme,53,elevated,0.7.6
2026-09-30T16:19:07.921Z,88,extreme,53,elevated,0.7.6
2026-09-30T16:24:05.506Z,88,extreme,53,elevated,0.7.6
2026-09-30T16:29:11.143Z,88,extreme,54,elevated,0.7.6
2026-09-30T16:34:04.395Z,88,extreme,54,elevated,0.7.6
2026-09-30T16:39:04.897Z,88,extreme,54,elevated,0.7.6
2026-09-30T16:44:05.271Z,88,extreme,54,elevated,0.7.6
2026-09-30T16:49:05.146Z,88,extreme,54,elevated,0.7.6
2026-09-30T16:54:12.193Z,88,extreme,54,elevated,0.7.6
2026-09-30T16:59:08.065Z,88,extreme,54,elevated,0.7.6
2026-09-30T17:04:05.064Z,88,extreme,54,elevated,0.7.6
2026-09-30T17:09:04.681Z,88,extreme,54,elevated,0.7.6
2026-09-30T17:14:08.265Z,88,extreme,54,elevated,0.7.6
2026-09-30T17:19:03.499Z,88,extreme,54,elevated,0.7.6
2026-09-30T17:24:04.497Z,88,extreme,54,elevated,0.7.6
2026-09-30T17:29:04.940Z,88,extreme,54,elevated,0.7.6
2026-09-30T17:34:04.415Z,88,extreme,54,elevated,0.7.6
2026-09-30T17:39:05.274Z,88,extreme,54,elevated,0.7.6
2026-09-30T17:44:04.947Z,88,extreme,54,elevated,0.7.6
2026-09-30T17:49:07.375Z,88,extreme,54,elevated,0.7.6
2026-09-30T17:54:07.671Z,88,extreme,54,elevated,0.7.6
2026-09-30T17:59:10.396Z,88,extreme,54,elevated,0.7.6
2026-09-30T18:04:11.250Z,88,extreme,54,elevated,0.7.6
2026-09-30T18:09:04.094Z,88,extreme,54,elevated,0.7.6
2026-09-30T18:14:06.462Z,88,extreme,54,elevated,0.7.6
2026-09-30T18:19:04.740Z,88,extreme,54,elevated,0.7.6
2026-09-30T18:24:05.763Z,88,extreme,54,elevated,0.7.6
2026-09-30T18:29:11.186Z,88,extreme,54,elevated,0.7.6
2026-09-30T18:34:05.924Z,88,extreme,54,elevated,0.7.6
2026-09-30T18:39:06.692Z,88,extreme,54,elevated,0.7.6
2026-09-30T18:44:06.246Z,88,extreme,54,elevated,0.7.6
2026-09-30T18:49:08.866Z,88,extreme,54,elevated,0.7.6
2026-09-30T18:54:04.696Z,88,extreme,54,elevated,0.7.6
2026-09-30T18:59:09.776Z,88,extreme,54,elevated,0.7.6
2026-09-30T19:04:04.382Z,88,extreme,54,elevated,0.7.6
2026-09-30T19:09:03.980Z,88,extreme,54,elevated,0.7.6
2026-09-30T19:14:03.427Z,88,extreme,53,elevated,0.7.6
2026-09-30T19:19:03.891Z,88,extreme,53,elevated,0.7.6
2026-09-30T19:24:03.502Z,88,extreme,53,elevated,0.7.6
2026-09-30T19:29:03.858Z,88,extreme,53,elevated,0.7.6
2026-09-30T19:34:03.267Z,88,extreme,53,elevated,0.7.6
2026-09-30T19:39:05.672Z,88,extreme,53,elevated,0.7.6
2026-09-30T19:44:03.601Z,88,extreme,53,elevated,0.7.6
2026-09-30T19:49:04.140Z,88,extreme,53,elevated,0.7.6
2026-09-30T19:54:04.589Z,88,extreme,53,elevated,0.7.6
2026-09-30T19:59:04.276Z,88,extreme,53,elevated,0.7.6
2026-09-30T20:04:04.502Z,88,extreme,54,elevated,0.7.6
2026-09-30T20:09:04.377Z,88,extreme,54,elevated,0.7.6
2026-09-30T20:14:08.129Z,88,extreme,54,elevated,0.7.6
2026-09-30T20:19:05.444Z,88,extreme,54,elevated,0.7.6
2026-09-30T20:24:11.476Z,88,extreme,54,elevated,0.7.6
2026-09-30T20:29:07.922Z,88,extreme,54,elevated,0.7.6
2026-09-30T20:34:05.583Z,88,extreme,54,elevated,0.7.6
2026-09-30T20:39:12.337Z,88,extreme,54,elevated,0.7.6
2026-09-30T20:44:05.604Z,88,extreme,54,elevated,0.7.6
2026-09-30T20:49:05.713Z,88,extreme,54,elevated,0.7.6
2026-09-30T20:54:13.548Z,88,extreme,54,elevated,0.7.6
2026-09-30T20:59:10.063Z,88,extreme,54,elevated,0.7.6
2026-09-30T21:04:10.744Z,88,extreme,54,elevated,0.7.6
2026-09-30T21:09:08.516Z,88,extreme,54,elevated,0.7.6
2026-09-30T21:14:05.381Z,88,extreme,54,elevated,0.7.6
2026-09-30T21:19:05.432Z,88,extreme,54,elevated,0.7.6
2026-09-30T21:24:12.609Z,88,extreme,54,elevated,0.7.6
2026-09-30T21:29:03.877Z,88,extreme,54,elevated,0.7.6
2026-09-30T21:34:03.747Z,88,extreme,54,elevated,0.7.6
2026-09-30T21:39:03.440Z,88,extreme,54,elevated,0.7.6
2026-09-30T21:44:03.992Z,88,extreme,54,elevated,0.7.6
2026-09-30T21:49:03.926Z,88,extreme,54,elevated,0.7.6
2026-09-30T21:54:03.305Z,88,extreme,54,elevated,0.7.6
2026-09-30T21:59:03.311Z,88,extreme,54,elevated,0.7.6
2026-09-30T22:04:12.696Z,88,extreme,54,elevated,0.7.6
2026-09-30T22:09:04.016Z,88,extreme,54,elevated,0.7.6
2026-09-30T22:14:03.396Z,88,extreme,54,elevated,0.7.6
2026-09-30T22:19:03.754Z,88,extreme,54,elevated,0.7.6
2026-09-30T22:24:06.235Z,88,extreme,54,elevated,0.7.6
2026-09-30T22:29:03.551Z,88,extreme,54,elevated,0.7.6
2026-09-30T22:34:03.356Z,88,extreme,54,elevated,0.7.6
2026-09-30T22:39:03.945Z,88,extreme,54,elevated,0.7.6
2026-09-30T22:44:04.956Z,88,extreme,54,elevated,0.7.6
2026-09-30T22:49:03.473Z,88,extreme,54,elevated,0.7.6
2026-09-30T22:54:03.468Z,88,extreme,54,elevated,0.7.6
2026-09-30T22:59:03.721Z,88,extreme,54,elevated,0.7.6
2026-09-30T23:04:04.791Z,88,extreme,54,elevated,0.7.6
2026-09-30T23:09:03.385Z,88,extreme,54,elevated,0.7.6
2026-09-30T23:14:05.111Z,88,extreme,54,elevated,0.7.6
2026-09-30T23:19:11.623Z,88,extreme,54,elevated,0.7.6
2026-09-30T23:24:05.212Z,88,extreme,54,elevated,0.7.6
2026-09-30T23:29:06.706Z,88,extreme,54,elevated,0.7.6
2026-09-30T23:34:07.688Z,88,extreme,54,elevated,0.7.6
2026-09-30T23:39:05.186Z,88,extreme,54,elevated,0.7.6
2026-09-30T23:44:05.313Z,88,extreme,54,elevated,0.7.6
2026-09-30T23:49:10.541Z,88,extreme,54,elevated,0.7.6
2026-09-30T23:54:05.029Z,88,extreme,54,elevated,0.7.6
2026-09-30T23:59:09.995Z,88,extreme,54,elevated,0.7.6
2026-10-01T00:04:05.578Z,88,extreme,54,elevated,0.7.6
2026-10-01T00:09:08.078Z,88,extreme,54,elevated,0.7.6
2026-10-01T00:14:04.562Z,88,extreme,54,elevated,0.7.6
2026-10-01T00:19:10.554Z,88,extreme,54,elevated,0.7.6
2026-10-01T00:24:05.880Z,88,extreme,54,elevated,0.7.6
2026-10-01T00:29:06.689Z,88,extreme,54,elevated,0.7.6
2026-10-01T00:34:07.176Z,88,extreme,54,elevated,0.7.6
2026-10-01T00:39:04.249Z,88,extreme,54,elevated,0.7.6
2026-10-01T00:44:06.977Z,88,extreme,54,elevated,0.7.6
2026-10-01T00:49:10.384Z,88,extreme,54,elevated,0.7.6
2026-10-01T00:54:15.794Z,88,extreme,54,elevated,0.7.6
2026-10-01T00:59:05.520Z,88,extreme,54,elevated,0.7.6
2026-10-01T01:04:04.409Z,88,extreme,54,elevated,0.7.6
2026-10-01T01:09:05.523Z,88,extreme,54,elevated,0.7.6
2026-10-01T01:14:07.918Z,88,extreme,54,elevated,0.7.6
2026-10-01T01:19:08.450Z,88,extreme,54,elevated,0.7.6
2026-10-01T01:24:03.560Z,88,extreme,54,elevated,0.7.6
2026-10-01T01:29:03.737Z,88,extreme,54,elevated,0.7.6
2026-10-01T01:34:03.951Z,88,extreme,54,elevated,0.7.6
2026-10-01T01:39:03.225Z,88,extreme,54,elevated,0.7.6
2026-10-01T01:44:03.930Z,88,extreme,54,elevated,0.7.6
2026-10-01T01:49:03.278Z,88,extreme,54,elevated,0.7.6
2026-10-01T01:54:03.509Z,88,extreme,54,elevated,0.7.6
2026-10-01T01:59:03.910Z,88,extreme,54,elevated,0.7.6
2026-10-01T02:04:04.996Z,88,extreme,54,elevated,0.7.6
2026-10-01T02:09:05.408Z,88,extreme,54,elevated,0.7.6
2026-10-01T02:14:11.906Z,88,extreme,54,elevated,0.7.6
2026-10-01T02:19:12.666Z,88,extreme,54,elevated,0.7.6
2026-10-01T02:24:09.563Z,88,extreme,54,elevated,0.7.6
2026-10-01T02:29:07.758Z,88,extreme,54,elevated,0.7.6
2026-10-01T02:34:09.285Z,88,extreme,54,elevated,0.7.6
2026-10-01T02:39:09.365Z,88,extreme,54,elevated,0.7.6
2026-10-01T02:44:09.258Z,88,extreme,54,elevated,0.7.6
2026-10-01T02:49:10.148Z,88,extreme,54,elevated,0.7.6
2026-10-01T02:54:04.191Z,88,extreme,54,elevated,0.7.6
2026-10-01T02:59:05.391Z,88,extreme,54,elevated,0.7.6
2026-10-01T03:04:08.698Z,88,extreme,54,elevated,0.7.6
2026-10-01T03:09:04.895Z,88,extreme,54,elevated,0.7.6
2026-10-01T03:14:07.584Z,88,extreme,54,elevated,0.7.6
2026-10-01T03:19:09.899Z,88,extreme,54,elevated,0.7.6
2026-10-01T03:24:05.797Z,88,extreme,54,elevated,0.7.6
2026-10-01T03:29:05.804Z,88,extreme,54,elevated,0.7.6
2026-10-01T03:34:04.934Z,88,extreme,54,elevated,0.7.6
2026-10-01T03:39:11.587Z,88,extreme,54,elevated,0.7.6
2026-10-01T03:44:05.403Z,88,extreme,54,elevated,0.7.6
2026-10-01T03:49:05.426Z,88,extreme,54,elevated,0.7.6
2026-10-01T03:54:04.353Z,88,extreme,54,elevated,0.7.6
2026-10-01T03:59:10.754Z,88,extreme,54,elevated,0.7.6
2026-10-01T04:04:05.145Z,88,extreme,54,elevated,0.7.6
2026-10-01T04:09:03.367Z,88,extreme,54,elevated,0.7.6
2026-10-01T04:14:03.482Z,88,extreme,54,elevated,0.7.6
2026-10-01T04:19:04.518Z,88,extreme,54,elevated,0.7.6
2026-10-01T04:24:03.194Z,88,extreme,54,elevated,0.7.6
2026-10-01T04:29:05.474Z,88,extreme,54,elevated,0.7.6
2026-10-01T04:34:03.337Z,88,extreme,54,elevated,0.7.6
2026-10-01T04:39:03.196Z,88,extreme,54,elevated,0.7.6
2026-10-01T04:44:03.781Z,88,extreme,54,elevated,0.7.6
2026-10-01T04:49:04.445Z,88,extreme,54,elevated,0.7.6
2026-10-01T04:54:03.125Z,88,extreme,54,elevated,0.7.6
2026-10-01T04:59:04.564Z,88,extreme,54,elevated,0.7.6
2026-10-01T05:04:07.679Z,88,extreme,54,elevated,0.7.6
2026-10-01T05:09:05.371Z,88,extreme,54,elevated,0.7.6
2026-10-01T05:14:07.278Z,88,extreme,54,elevated,0.7.6
2026-10-01T05:19:05.334Z,88,extreme,53,elevated,0.7.6
2026-10-01T05:24:05.519Z,88,extreme,53,elevated,0.7.6
2026-10-01T05:29:09.271Z,88,extreme,53,elevated,0.7.6
2026-10-01T05:34:08.055Z,88,extreme,53,elevated,0.7.6
2026-10-01T05:39:07.861Z,88,extreme,53,elevated,0.7.6
2026-10-01T05:44:04.346Z,88,extreme,53,elevated,0.7.6
2026-10-01T05:49:10.348Z,88,extreme,53,elevated,0.7.6
2026-10-01T05:54:07.755Z,88,extreme,53,elevated,0.7.6
2026-10-01T05:59:07.529Z,88,extreme,53,elevated,0.7.6
2026-10-01T06:04:03.940Z,88,extreme,53,elevated,0.7.6
2026-10-01T06:09:03.183Z,88,extreme,53,elevated,0.7.6
2026-10-01T06:14:05.868Z,88,extreme,53,elevated,0.7.6
2026-10-01T06:19:05.778Z,88,extreme,53,elevated,0.7.6
2026-10-01T06:24:03.819Z,88,extreme,53,elevated,0.7.6
2026-10-01T06:29:03.775Z,88,extreme,53,elevated,0.7.6
2026-10-01T06:34:03.508Z,88,extreme,53,elevated,0.7.6
2026-10-01T06:39:03.905Z,88,extreme,53,elevated,0.7.6
2026-10-01T06:44:04.075Z,88,extreme,53,elevated,0.7.6
2026-10-01T06:49:03.409Z,88,extreme,53,elevated,0.7.6
2026-10-01T06:54:03.318Z,88,extreme,53,elevated,0.7.6
2026-10-01T06:59:04.933Z,88,extreme,53,elevated,0.7.6
2026-10-01T07:04:03.821Z,88,extreme,53,elevated,0.7.6
2026-10-01T07:09:03.549Z,88,extreme,53,elevated,0.7.6
2026-10-01T07:14:04.458Z,88,extreme,53,elevated,0.7.6
2026-10-01T07:19:03.510Z,88,extreme,53,elevated,0.7.6
2026-10-01T07:24:04.638Z,88,extreme,53,elevated,0.7.6
2026-10-01T07:29:03.829Z,88,extreme,53,elevated,0.7.6
2026-10-01T07:34:03.819Z,88,extreme,53,elevated,0.7.6
2026-10-01T07:39:03.204Z,88,extreme,53,elevated,0.7.6
2026-10-01T07:44:03.809Z,88,extreme,53,elevated,0.7.6
2026-10-01T07:49:03.663Z,88,extreme,53,elevated,0.7.6
2026-10-01T07:54:03.382Z,88,extreme,53,elevated,0.7.6
2026-10-01T07:59:03.735Z,88,extreme,53,elevated,0.7.6
2026-10-01T08:04:04.967Z,88,extreme,53,elevated,0.7.6
2026-10-01T08:09:04.536Z,88,extreme,53,elevated,0.7.6
2026-10-01T08:14:04.940Z,88,extreme,53,elevated,0.7.6
2026-10-01T08:19:03.846Z,88,extreme,53,elevated,0.7.6
2026-10-01T08:24:03.890Z,88,extreme,53,elevated,0.7.6
2026-10-01T08:29:03.112Z,88,extreme,53,elevated,0.7.6
2026-10-01T08:34:04.360Z,88,extreme,53,elevated,0.7.6
2026-10-01T08:39:03.861Z,88,extreme,53,elevated,0.7.6
2026-10-01T08:44:04.629Z,88,extreme,53,elevated,0.7.6
2026-10-01T08:49:03.254Z,88,extreme,53,elevated,0.7.6
2026-10-01T08:54:03.597Z,88,extreme,53,elevated,0.7.6
2026-10-01T08:59:04.063Z,88,extreme,53,elevated,0.7.6
2026-10-01T09:04:10.124Z,88,extreme,53,elevated,0.7.6
2026-10-01T09:09:07.681Z,88,extreme,53,elevated,0.7.6
2026-10-01T09:14:05.276Z,88,extreme,53,elevated,0.7.6
2026-10-01T09:19:12.150Z,88,extreme,53,elevated,0.7.6
2026-10-01T09:24:05.880Z,88,extreme,53,elevated,0.7.6
2026-10-01T09:29:04.982Z,88,extreme,55,elevated,0.7.6
2026-10-01T09:34:05.991Z,88,extreme,55,elevated,0.7.6
2026-10-01T09:39:15.640Z,88,extreme,55,elevated,0.7.6
2026-10-01T09:44:13.200Z,88,extreme,55,elevated,0.7.6
2026-10-01T09:49:10.411Z,88,extreme,55,elevated,0.7.6
2026-10-01T09:54:08.477Z,88,extreme,55,elevated,0.7.6
2026-10-01T09:59:04.258Z,88,extreme,55,elevated,0.7.6
2026-10-01T10:04:03.477Z,88,extreme,55,elevated,0.7.6
2026-10-01T10:09:03.789Z,88,extreme,55,elevated,0.7.6
2026-10-01T10:14:07.816Z,88,extreme,55,elevated,0.7.6
2026-10-01T10:19:08.040Z,88,extreme,55,elevated,0.7.6
2026-10-01T10:24:04.186Z,88,extreme,55,elevated,0.7.6
2026-10-01T10:29:04.026Z,88,extreme,55,elevated,0.7.6
2026-10-01T10:34:03.438Z,88,extreme,55,elevated,0.7.6
2026-10-01T10:39:03.913Z,88,extreme,55,elevated,0.7.6
2026-10-01T10:44:03.916Z,88,extreme,55,elevated,0.7.6
2026-10-01T10:49:03.368Z,88,extreme,55,elevated,0.7.6
2026-10-01T10:54:03.119Z,88,extreme,55,elevated,0.7.6
2026-10-01T10:59:03.830Z,88,extreme,55,elevated,0.7.6
2026-10-01T11:04:10.167Z,88,extreme,55,elevated,0.7.6
2026-10-01T11:09:04.906Z,88,extreme,55,elevated,0.7.6
2026-10-01T11:14:07.748Z,88,extreme,55,elevated,0.7.6
2026-10-01T11:19:04.274Z,88,extreme,55,elevated,0.7.6
2026-10-01T11:24:05.993Z,88,extreme,55,elevated,0.7.6
2026-10-01T11:29:03.470Z,88,extreme,55,elevated,0.7.6
2026-10-01T11:34:03.919Z,88,extreme,55,elevated,0.7.6
2026-10-01T11:39:03.527Z,88,extreme,55,elevated,0.7.6
2026-10-01T11:44:03.997Z,88,extreme,55,elevated,0.7.6
2026-10-01T11:49:06.876Z,88,extreme,55,elevated,0.7.6
2026-10-01T11:54:03.812Z,88,extreme,55,elevated,0.7.6
2026-10-01T11:59:04.048Z,88,extreme,55,elevated,0.7.6
2026-10-01T12:04:11.427Z,88,extreme,55,elevated,0.7.6
2026-10-01T12:09:06.249Z,88,extreme,55,elevated,0.7.6
2026-10-01T12:14:10.796Z,88,extreme,55,elevated,0.7.6
2026-10-01T12:19:07.746Z,88,extreme,55,elevated,0.7.6
2026-10-01T12:24:09.060Z,88,extreme,55,elevated,0.7.6
2026-10-01T12:29:07.707Z,88,extreme,55,elevated,0.7.6
2026-10-01T12:34:06.711Z,88,extreme,54,elevated,0.7.6
2026-10-01T12:39:07.681Z,88,extreme,54,elevated,0.7.6
2026-10-01T12:44:06.448Z,88,extreme,54,elevated,0.7.6
2026-10-01T12:49:08.429Z,88,extreme,54,elevated,0.7.6
2026-10-01T12:54:09.474Z,88,extreme,54,elevated,0.7.6
2026-10-01T12:59:12.564Z,88,extreme,54,elevated,0.7.6
2026-10-01T13:04:04.862Z,88,extreme,54,elevated,0.7.6
2026-10-01T13:09:03.830Z,88,extreme,54,elevated,0.7.6
2026-10-01T13:14:08.157Z,88,extreme,54,elevated,0.7.6
2026-10-01T13:19:07.466Z,88,extreme,54,elevated,0.7.6
2026-10-01T13:24:09.013Z,88,extreme,54,elevated,0.7.6
2026-10-01T13:29:08.125Z,88,extreme,55,elevated,0.7.7
2026-10-01T13:34:07.989Z,88,extreme,55,elevated,0.7.7
2026-10-01T13:39:04.470Z,88,extreme,55,elevated,0.7.7
2026-10-01T13:44:06.658Z,88,extreme,55,elevated,0.7.7
2026-10-01T13:49:04.990Z,88,extreme,55,elevated,0.7.7
2026-10-01T13:54:09.455Z,88,extreme,55,elevated,0.7.7
2026-10-01T13:59:11.923Z,88,extreme,56,elevated,0.7.7
2026-10-01T14:04:04.065Z,88,extreme,56,elevated,0.7.7
2026-10-01T14:09:03.688Z,88,extreme,56,elevated,0.7.7
2026-10-01T14:14:03.440Z,88,extreme,56,elevated,0.7.7
2026-10-01T14:19:04.031Z,88,extreme,56,elevated,0.7.7
2026-10-01T14:24:04.712Z,88,extreme,56,elevated,0.7.7
2026-10-01T14:29:03.154Z,88,extreme,56,elevated,0.7.7
2026-10-01T14:34:03.996Z,88,extreme,56,elevated,0.7.7
2026-10-01T14:39:03.879Z,88,extreme,56,elevated,0.7.7
2026-10-01T14:44:04.612Z,88,extreme,56,elevated,0.7.7
2026-10-01T14:49:03.756Z,88,extreme,56,elevated,0.7.7
2026-10-01T14:54:03.985Z,88,extreme,56,elevated,0.7.7
2026-10-01T14:59:04.743Z,88,extreme,56,elevated,0.7.7
2026-10-01T15:04:06.039Z,88,extreme,56,elevated,0.7.7
2026-10-01T15:09:06.369Z,88,extreme,56,elevated,0.7.7
2026-10-01T15:14:05.241Z,88,extreme,56,elevated,0.7.7
2026-10-01T15:19:10.162Z,88,extreme,56,elevated,0.7.7
2026-10-01T15:24:03.368Z,88,extreme,56,elevated,0.7.7
2026-10-01T15:29:04.204Z,88,extreme,56,elevated,0.7.7
2026-10-01T15:34:08.241Z,88,extreme,56,elevated,0.7.7
2026-10-01T15:39:05.380Z,88,extreme,56,elevated,0.7.7
2026-10-01T15:44:05.630Z,88,extreme,56,elevated,0.7.7
2026-10-01T15:49:03.284Z,88,extreme,56,elevated,0.7.7
2026-10-01T15:54:03.931Z,88,extreme,56,elevated,0.7.7
2026-10-01T15:59:04.868Z,88,extreme,56,elevated,0.7.7
2026-10-01T16:04:10.304Z,88,extreme,56,elevated,0.7.7
2026-10-01T16:09:11.555Z,88,extreme,56,elevated,0.7.7
2026-10-01T16:14:03.803Z,88,extreme,56,elevated,0.7.7
2026-10-01T16:19:07.926Z,88,extreme,56,elevated,0.7.7
2026-10-01T16:24:11.527Z,88,extreme,56,elevated,0.7.7
2026-10-01T16:29:10.619Z,88,extreme,56,elevated,0.7.7
2026-10-01T16:34:03.858Z,88,extreme,56,elevated,0.7.7
2026-10-01T16:39:03.229Z,88,extreme,56,elevated,0.7.7
